"","cg21155367","cg07800208","cg01944593","cg02937494","cg26683005","cg06786238","cg03717994","cg16023415","cg06646112","cg00618183","cg24548919","cg01172338","cg17170088","cg21893358","cg23583742","cg12595460","cg25980042","cg17945153","cg07481031","cg03327494","cg01614597","cg21209815","cg18890215","cg03160656","cg02070906","cg17840363","cg02272859","cg19014323","cg02993606","cg23926820","cg11868356","cg20923498","cg16106368","cg18823633","cg26218835","cg20543571","cg16810605","cg21681643","cg05060534","cg16612995","cg04428453","cg04309404","cg04257877","cg12785353","cg16839353","cg14206979","cg12848405","cg27622506","cg00744187","cg15159987","cg05947505","cg14794577","cg06493334","cg06034885","cg27102332","cg00374056","cg02859709","cg15644837","cg06875832","cg22649311","cg00423487","cg19426050","cg14694191","cg19270265","cg11702866","cg06401197","cg06672737","cg21304619","cg25146268","cg07560517","cg01414403","cg07533350","cg08984405","cg13838014","cg13799287","cg16190211","cg04290981","cg21089646","cg21945289","cg25501191","cg18595293","cg14381712","cg08727679","cg01901466","cg26801816","cg23685151","cg23644960","cg12498094","cg21533958","cg21632079","cg18114887","cg17365076","cg02750034","cg14662522","cg07066563","cg12258176","cg08171667","cg06143361","cg15089864","cg07036137"
"GSM1506297",0.0805026421192571,0.829807198251794,0.830970142344603,0.0152128485037067,0.0311442450768018,0.942218340969325,0.898855695881427,0.0307208789574163,0.803724974302359,0.84328420755876,0.830368744333514,0.0239404118503723,0.0140563560131864,0.231940930733549,0.95626815823372,0.0674267844236838,0.889846323595125,0.0373707234578919,0.937418119562563,0.961387625353255,0.0853416998913868,0.0241047284753789,0.597069091182483,0.890076280809431,0.95218316345579,0.910470332373733,0.532600726201938,0.0562370523658281,0.878150970474927,0.195011143081227,0.156119043961628,0.553017235014048,0.0291967298119126,0.0668478275137884,0.95276236074993,0.919035167030554,0.0445353864442614,0.936799830309503,0.821216421136509,0.919116939291232,0.93350268997819,0.891406664853467,0.00967581269492145,0.886684635935309,0.317970717075487,0.0846303324314522,0.974417319154739,0.0912107741120451,0.926441583009619,0.587544690659517,0.721515295089931,0.0195674280472823,0.0303269229187163,0.0192714080154837,0.0393168802449547,0.843990456765146,0.0249430502293867,0.68296636878963,0.950137536944592,0.088378011650336,0.554847748203812,0.921341847146487,0.33087143597158,0.905820478876877,0.840381930161387,0.877775528140675,0.546943414152049,0.977590682046626,0.0488854816841335,0.0381159253288997,0.90197742294888,0.0261183119786946,0.0219011433533651,0.0137779244401687,0.0212514749630304,0.226457148815342,0.942711283640946,0.982056809078931,0.900377674619727,0.717762343952856,0.0195823873115608,0.914778938553413,0.915112672399989,0.824020361209407,0.0277014389553339,0.0347041293180011,0.467120302977327,0.733564206447446,0.938320602823641,0.884457629519714,0.943564438784712,0.897028560519053,0.87508220173956,0.681521287528619,0.940155318967694,0.0186182562590017,0.909536427952086,0.0423940580619603,0.0378015792496772,0.105030107591215
"GSM1646161",0.0193932606171296,0.893278832871619,0.890255123721506,0.0135203840021603,0.0346418879178444,0.897311578691859,0.895048431409549,0.0274006097559123,0.858573490999342,0.779624599589835,0.70850468456113,0.0175598566715549,0.0136410004223197,0.325456526653071,0.93952656505421,0.264184499613614,0.876811375697194,0.0728728736814735,0.885044630636024,0.937891024550768,0.0167150287479252,0.0124772210863726,0.827029498703382,0.831155214246838,0.927522682810807,0.852797097835697,0.78886903611587,0.0231588645306345,0.668200585340377,0.424887344569608,0.146744411554341,0.702762004474017,0.113506817589699,0.0529087440033954,0.860833613682773,0.940679941648738,0.0355895381253836,0.87157560463142,0.804135913055818,0.91426764069427,0.833290042833559,0.824145888583018,0.0179844663787817,0.84840898760001,0.243729183340735,0.0172001025108069,0.928324699400934,0.0145232012503753,0.793446019459067,0.53984699474871,0.60640310595621,0.024469629189456,0.0534333844975958,0.0315260838242054,0.0163249062344959,0.749889983571574,0.0240065120468006,0.652590991817744,0.883917715016417,0.0700956480929405,0.438386400929615,0.782677146701106,0.20268527798395,0.853844001830532,0.921420493700774,0.910948844202185,0.581210754463875,0.94889882698409,0.0102792988723836,0.014126701396392,0.944124290091861,0.015951039448342,0.0108965816874786,0.0239802117846506,0.0105232153207576,0.0889714848984531,0.848976460931564,0.970445546937177,0.8048669727156,0.718176966115986,0.0293922232403233,0.914815306711423,0.916244966455979,0.692605747929774,0.0554499624761366,0.0171023827425288,0.218301311360619,0.937119565047569,0.835994906282399,0.835320504885996,0.882962909359778,0.840880079335288,0.803724999509262,0.604095541617541,0.903194873192652,0.0402688457057124,0.881988459292438,0.105464419393417,0.0142988651020084,0.0379230395479323
"GSM1646175",0.0283077741923399,0.90087758809994,0.853987936621538,0.0196377700027546,0.0446872311737495,0.795155417660605,0.879415604170592,0.0232212663371937,0.894542601710167,0.685338060579614,0.564737285408311,0.0235990437385659,0.0251577425294939,0.31107685850152,0.920591637927545,0.275237036959106,0.86964926683982,0.0836918258632062,0.881573481557387,0.932121706250617,0.037602509318724,0.0172980401182526,0.787370297788448,0.803404598550626,0.923433534966707,0.794000977146895,0.74704987468618,0.032074360192435,0.806728964461452,0.347283021811891,0.130221844688221,0.698893487092245,0.0129816904122847,0.0641769952299561,0.849327436697224,0.905304842634107,0.0382192735475878,0.87589760390628,0.798770915816129,0.937689775955031,0.762409905862614,0.792970270085166,0.0214155738267657,0.780960195592298,0.243846218088394,0.031009827761971,0.931905010558623,0.0163788649993593,0.806532446265832,0.588527791847781,0.594856720572151,0.0325076044297447,0.0829087403941691,0.0366637192800729,0.0241485191198029,0.697199410818396,0.0333778084662789,0.521390869380268,0.877375121302178,0.0925194238836603,0.47117367511558,0.729935471645154,0.345466007365115,0.845226305231751,0.889948840341991,0.88504416782243,0.595710309182484,0.940473537885209,0.0234603901884896,0.0190863032996379,0.952339246018495,0.0200886810308251,0.0186513572723194,0.0288199586094986,0.0118448308770388,0.167664539511367,0.864181524733066,0.966510377647864,0.797650196355576,0.82888848362964,0.0261193813254446,0.93511635964184,0.863662212776609,0.801432725498654,0.0631412850407611,0.0283201283970616,0.310452405433064,0.865851324307746,0.857366532582069,0.846194832687621,0.857213003459098,0.829885373841615,0.759646035016888,0.620582887894585,0.895576200904777,0.0375675188436201,0.905657393528622,0.0960706221731829,0.024332325585546,0.0503012581673129
"GSM1649753",0.0883735095846499,0.780126276481392,0.772431982059167,0.0175805127710014,0.0396919777613431,0.924765261163896,0.907718272827275,0.0320756362829925,0.815731578685778,0.887587243410633,0.874879888073335,0.041075189814279,0.0245661295351697,0.341264011214517,0.954326221686819,0.215421480361693,0.895419327993263,0.0541549992580599,0.921130964219993,0.937737030032247,0.068284668883698,0.0322593632955219,0.797291579677968,0.919543748870827,0.948313982454089,0.935775878024733,0.638142107506974,0.062964001686855,0.857146249452997,0.310342914649623,0.0945096416530894,0.648944929624775,0.0377394089088131,0.0443557077702106,0.945792947620531,0.863948687806056,0.0406475435569821,0.872428253611314,0.727208961220353,0.908633234259982,0.942919883331034,0.900107094423801,0.0193760486314026,0.887504232552376,0.353973515505619,0.0658140536962913,0.935980513880146,0.0264814160183859,0.930793151758829,0.638302420452277,0.621233143484583,0.0324760804454297,0.0362907580083844,0.0257896401562261,0.0566705094547444,0.813709090119613,0.0363739862413832,0.672591500461028,0.936765743563114,0.0518238648817512,0.559526800562086,0.898659880577575,0.276386598831576,0.923906540309107,0.828378617999591,0.894155439479651,0.594485202253957,0.970281093177436,0.0561370328133328,0.0531002465239941,0.9242005834028,0.0290789786423826,0.0252452248420195,0.0251047700683844,0.0266905125862977,0.199949763539555,0.920753001578496,0.980711081644906,0.926168356336717,0.808708688986299,0.0359687947348736,0.889221537343309,0.907066054284051,0.794096536879026,0.0426705010068075,0.0388198488693662,0.205267994211078,0.752882465474112,0.931019951376088,0.901928807552126,0.927169936517073,0.85756695312019,0.856409979002488,0.547782179867221,0.915632090436851,0.025871549818746,0.90128741275644,0.0466560139241309,0.0493739999101412,0.121060769751827
"GSM1649758",0.0588517220464965,0.848484275083375,0.846395680302998,0.0230338828509058,0.036415925142657,0.953835285625909,0.85134774240627,0.0277540654668389,0.822786818676553,0.845106988845777,0.86838166217577,0.0461458503980468,0.0244092517235594,0.205135369731656,0.951697585790119,0.204395367249493,0.923713281471227,0.0477116476703306,0.939117967401039,0.93438773174329,0.0629707651030631,0.029771227028789,0.741577545131917,0.915982302664879,0.9404263691384,0.925511509375546,0.649399247809375,0.0600261724002083,0.880739322901559,0.592148198465911,0.0957969163600288,0.598600098564323,0.0265674683388144,0.0624056956677443,0.937898246601024,0.912392359061093,0.0427861702903985,0.898781455893136,0.74321852042549,0.914402678979981,0.929858528158321,0.907713889941127,0.021046746857087,0.851912722344426,0.324021332409251,0.0485835632617126,0.953249816975978,0.0221650441913479,0.938426514308727,0.652544632928901,0.603957554258093,0.0333932953227987,0.034556937509984,0.0250358617392182,0.0442611238159786,0.842659097363648,0.0329789482967049,0.708175473384792,0.93306584082061,0.0445687504774132,0.547036712708038,0.891266604776646,0.253723225621426,0.898602755937514,0.876312983515366,0.931011231914853,0.531973480416335,0.975896282462406,0.0421194487263961,0.0382485645039961,0.928595111665888,0.0278442177259374,0.0243931118909178,0.0215619215546179,0.0282828366222094,0.118051038057444,0.931986191568184,0.976752273203549,0.914105256430833,0.725139703904098,0.0299039957761119,0.912623969432111,0.891871574330312,0.692231663590354,0.0437165162512788,0.0344147435350827,0.162702351625315,0.825507403174064,0.922379994846387,0.917089868803447,0.918717647661112,0.881586755614299,0.860417309666792,0.620994235951777,0.921565571213609,0.0292415853649394,0.91597951905499,0.0521232449160262,0.0379843375883451,0.0801199826302373
"GSM1649762",0.0637872603191033,0.826021022634595,0.796907009485654,0.0190711336302199,0.0349695387264971,0.942529678052854,0.878422567493314,0.0244022741746927,0.819945744412968,0.857923152867314,0.889724758491908,0.0357138661906274,0.024717452437443,0.304307140152613,0.961408103998506,0.154014629723123,0.89527205650511,0.0505739620387325,0.937628492347973,0.942498985675292,0.0659903043929889,0.0330521576810339,0.779422691755695,0.92997051366837,0.946101997792608,0.927570698254653,0.582817453310202,0.0605650073142027,0.82466057465584,0.49063140494766,0.0963411889163251,0.513401301031353,0.0284546818290897,0.0587040747676321,0.945554405284722,0.902830696475858,0.0499672514831271,0.85235325824733,0.760916108576185,0.920763264109172,0.91248214868408,0.910164501441167,0.0212021816210278,0.871435787401827,0.313350457931478,0.0604639421056049,0.953410222131904,0.029016188581863,0.944036041095738,0.612813890392802,0.631273526143046,0.030950057035021,0.0339449399802396,0.0213934982286514,0.0553724378834914,0.883557881521435,0.03252928589028,0.655122499857416,0.943997157096651,0.0539463869143215,0.535003536846531,0.90978288621519,0.306990591621735,0.925177392338394,0.862868299934596,0.918456246043167,0.521398240711158,0.96610542024128,0.0384831757081315,0.0327134111766311,0.919102302601677,0.0347761553106644,0.0254249523275872,0.0239045053219913,0.02887758674961,0.1636104884771,0.928478006762985,0.983066806814816,0.937111787768281,0.732671180409265,0.0256679951222692,0.906919756688603,0.903914992053807,0.689653056102128,0.0649413476308538,0.0486037153812812,0.24006194847822,0.753690586420487,0.932067087905441,0.920088973850024,0.937853792579675,0.874938592186176,0.846871018572175,0.547848611204901,0.925289173856947,0.0244912773953657,0.885038928944925,0.0573117238197287,0.0442499362312875,0.0895643996854901
"GSM1649770",0.0667110316314245,0.83866598534905,0.773119526109316,0.0196730067061022,0.0216840042716752,0.952794451405977,0.875398070097635,0.0152822484128527,0.858635020010343,0.882511198233492,0.913641727471482,0.0433425411078297,0.0170656629663091,0.220640719298579,0.963396069985805,0.128370897516791,0.915321690489312,0.0325645093240064,0.948295303937151,0.952011137754113,0.0765851664502419,0.0306134429309057,0.827511354501705,0.941561410930445,0.955192722800779,0.935759956219438,0.626343345062297,0.0485975276282789,0.69596215547373,0.397521276484934,0.105758427522867,0.614413014194947,0.0202034178086396,0.0562626674807208,0.955236039191932,0.89254098558776,0.0478438897964789,0.883966133229053,0.762140702442914,0.905545567100514,0.953452790937206,0.924277616743669,0.0124786430187588,0.932376296993225,0.344960933579713,0.0566902356793945,0.961290072353079,0.0168237657113609,0.941935952524932,0.652557935515455,0.646002312338442,0.0183731474661772,0.0407527766882209,0.0167012447479309,0.040638251442477,0.915587544864487,0.0391765838533433,0.715160161858946,0.943662788035206,0.030876221460585,0.585901461714699,0.946163350920564,0.329451847043553,0.95105006125272,0.837643621489396,0.918601333355319,0.612829821534439,0.979609738918521,0.039459986037287,0.0259634619726642,0.93758553060189,0.0261929926669531,0.0171179194771802,0.017347219851489,0.0254398033129905,0.167564979651452,0.948461367745198,0.990687243138568,0.938113077229182,0.781560150391027,0.0206198124858884,0.924375205749903,0.921165282477007,0.703911619747018,0.0246890914634637,0.0393797848439105,0.141743275691518,0.759637543467371,0.942969190255331,0.870631819785189,0.939781310029315,0.87804164313663,0.873218353088837,0.566499893319395,0.950911209116809,0.0170151840441122,0.894617464332631,0.0462427018107243,0.0283864090035047,0.0710340589247112
"GSM1649778",0.0787134393977627,0.841419274689021,0.827079663590726,0.0245523954482189,0.0334144879011815,0.957294287879163,0.8772552381098,0.0225209344731412,0.821916772096868,0.873413494544741,0.872609657127828,0.0396256254952445,0.0222720176522134,0.333531971388018,0.95678106894522,0.170268827447985,0.924273493046807,0.0432333877276837,0.9416878407512,0.944443016674972,0.0567257840601038,0.030376766425711,0.826960288989074,0.921094768692714,0.95699423254175,0.930358880693882,0.668005527273229,0.0441458582578418,0.834571590477734,0.449012575204881,0.144890845400383,0.636060000701681,0.0234233445749191,0.0603403497462898,0.941076537091574,0.890222455265654,0.0503719185788632,0.904723401269219,0.701097807457141,0.90968794411385,0.942161203775427,0.904603010997706,0.0214450859030149,0.882537489450596,0.321829576708892,0.0652672494179058,0.95844087084726,0.0228734859661429,0.939155254802869,0.613560816148355,0.695226938687501,0.0332736873113585,0.0334427423798069,0.0216995002013999,0.0558331735534248,0.874503201369786,0.0311740481165712,0.635315413592037,0.943614236900762,0.0536623368439495,0.541033856982614,0.916635148955167,0.298743615801033,0.920252369099576,0.847289902111217,0.936883096854593,0.556672991913463,0.973792585725133,0.044174062231225,0.0377943228337589,0.943679302945154,0.0384778852253727,0.0238039915204276,0.0193459550165837,0.0248595786937054,0.284534639481453,0.943803875741012,0.977844224262843,0.929142165383731,0.71913862223363,0.0280099304822285,0.91431062158499,0.929176799003326,0.744759645574275,0.0649379961840691,0.0371442752291109,0.262439030682616,0.845641776126592,0.932067893874374,0.93117302483087,0.938080289870249,0.902868815733224,0.849150930130205,0.648055370316594,0.943650053629096,0.0247747726362027,0.927805426458522,0.0558894091648654,0.05323371020845,0.0711977055080675
"GSM1649787",0.0918639159971654,0.820685820927555,0.797311022976782,0.0219838256851131,0.0262918302666688,0.886235264817225,0.860687639446269,0.0414902309979979,0.806597212160836,0.852848843278597,0.878447511822392,0.0343381928816164,0.0230680763509457,0.328207788744455,0.9622665322429,0.180511978290943,0.880796589352076,0.0430630002108156,0.925135189214512,0.937717802942793,0.0570557130280317,0.0280593547436358,0.775009945726669,0.931182133638118,0.954655905822973,0.923374468928848,0.658466503788502,0.055270780478041,0.629680575262608,0.526108234482271,0.11510733465326,0.610191020314473,0.0406555774142415,0.0548660503768024,0.939426371130518,0.878435938179471,0.058659544397821,0.898052053102971,0.755992171462616,0.924268427315883,0.922385691601691,0.920341145914436,0.0192098608938009,0.878655269978596,0.321109587463595,0.0761872696427926,0.948746863714592,0.0296252603923268,0.917436219476626,0.576382967243942,0.62595466945613,0.0278446656221797,0.0326942772511337,0.0231377233976726,0.0614995742282708,0.898552845407579,0.0315092394381556,0.70521898523783,0.933778674016924,0.0754139407854887,0.563449164490737,0.927605012360366,0.274510030295651,0.929855153352149,0.820699681691658,0.895013860681847,0.571533227639487,0.971825638346941,0.0458053383698609,0.0340717485160819,0.918761293216346,0.0283803154750553,0.0276590121057563,0.0175091029720907,0.0218532673795255,0.167034615916974,0.944124318279813,0.9778187771832,0.931589190065321,0.725626098550222,0.0401380471728691,0.922450283218829,0.90471603296587,0.737879035896594,0.0605394356527155,0.042053635660401,0.239404597166587,0.711226336456658,0.941987164156871,0.89615563810587,0.933282062473049,0.859026778579454,0.875142815007848,0.618280882793493,0.937771356011946,0.0275830323299059,0.902690359125126,0.0612630793419953,0.0468217136900273,0.0893281258491641
"GSM1649801",0.0702385622105319,0.865347377230447,0.848924868479389,0.0194453008036591,0.0268952175603759,0.923200856935356,0.924722678558551,0.0276614140014061,0.851783142346696,0.848228141706577,0.865099440379797,0.0444117359047652,0.0264587461366164,0.416378816264571,0.955402454524046,0.210278662678082,0.869061543556629,0.0492834395912929,0.946621898112928,0.953119761169657,0.0627923271023586,0.0381987069033817,0.770551856975728,0.933108799869822,0.943894675710176,0.935461894922565,0.723688957289907,0.0760736605705481,0.864651532821058,0.4927313790672,0.105170712983289,0.586943232501311,0.0351570291513575,0.0735411667545681,0.945811789644351,0.910971731665323,0.0484288524379808,0.915608357471246,0.736652419966408,0.934358241448272,0.925675151799379,0.908016578100762,0.0164214864603533,0.876802406437894,0.366272860450664,0.0584363950112368,0.949705697866022,0.018844401634754,0.934906561761639,0.600224245122165,0.671203042474519,0.0348976161825158,0.0318162527771341,0.0244695762596693,0.0523321376248734,0.867234566790937,0.0373581578456159,0.682562917283968,0.937736712271296,0.0540829868411317,0.565522007819256,0.916409845408723,0.296184020997696,0.939030142816465,0.877653053366622,0.92384489673464,0.612124490859868,0.973395954819082,0.0501227126988265,0.0320453453560429,0.921914457646238,0.0300490702268113,0.0270638960408011,0.022951870676292,0.0247017676070078,0.156485059969754,0.940150879271678,0.976600526634041,0.924125478510165,0.816129800383834,0.0358933136614989,0.926504370673106,0.913671690817137,0.73165853082573,0.0646580162052144,0.0409681506355901,0.228395243138259,0.786864529469154,0.923210309310218,0.851660281236571,0.933547636266816,0.876130535005554,0.849420080646821,0.679789256124744,0.905452281377916,0.0320329735525531,0.913074455381155,0.0737348501035052,0.05035604897545,0.0846425249875401
"GSM1649806",0.0296633959036748,0.869795343715178,0.808503352650342,0.0133101669888689,0.0427564966761754,0.877810071234619,0.86032097320301,0.0426065603232629,0.85230540983918,0.70278998020538,0.692204544062726,0.0164464188015869,0.0134419783241086,0.437072396543176,0.940542024995056,0.252049049974137,0.859072785479224,0.0705674627977185,0.895241798055018,0.94972911982925,0.043716021951378,0.0190397515730817,0.843891731525447,0.826972073689185,0.924903971963829,0.880685491277321,0.803172465640751,0.0282505628948162,0.801917214720304,0.432890118795499,0.121713407528924,0.776465436007743,0.0300544325305255,0.0578227621437252,0.898868444391722,0.931134349739077,0.0424435374654052,0.851589745758046,0.819108998962452,0.940426137605808,0.887964396724004,0.861402532866376,0.0183701501719747,0.851228096596432,0.320149631706225,0.0563763193967752,0.932060516666503,0.0191743007747298,0.864855523008535,0.575406820805168,0.60658814508545,0.0257995998083707,0.0338507528917958,0.034095446800114,0.0319844497214376,0.787083512320308,0.0306360733076672,0.719480924484477,0.901625963997954,0.0713399888853408,0.468634295357877,0.8381762813466,0.329830655552301,0.878648864123308,0.90040232991711,0.921652257303068,0.627493555815808,0.962852158608353,0.0272415928438594,0.0138203464500753,0.919097044274748,0.0144137624583152,0.0152243010141437,0.019343094708111,0.0109488306019115,0.325041515115464,0.890148133113943,0.977505780053374,0.828151019442103,0.798370396943773,0.0490699856331901,0.953024961084899,0.878069130049665,0.79023310826494,0.086187628632461,0.0285306257548933,0.321523057996228,0.830345915704415,0.8743725834007,0.872275164393348,0.88444419207088,0.817641511569938,0.830735502401373,0.555326601851548,0.904636628393314,0.0236321825487854,0.890723513725568,0.0952351316740942,0.0211750607970569,0.0626425364668106
"GSM1886561",0.0460218584203077,0.894371205314315,0.861887399089941,0.0201127279886463,0.0390837559069139,0.953595879846452,0.917075497206472,0.028656689762364,0.84589790726389,0.849291550259994,0.82839423427085,0.0341209306684874,0.0218844102558983,0.195910599389546,0.957596577503498,0.137579619559424,0.923201897862702,0.0551748029263548,0.944570110440491,0.960159341841741,0.0659899873697566,0.0374436817217117,0.758139440156664,0.869477992853903,0.951620836492113,0.892783945146109,0.680728918096183,0.0739201810422617,0.822377810841437,0.460960939055934,0.156222864436896,0.61431990697309,0.0230442389266676,0.0416867828875508,0.942456414791444,0.901520224239027,0.0532347551637844,0.915639930427161,0.763942078285099,0.902013997374887,0.932709156234828,0.878004144567389,0.0156387769433753,0.911022329362864,0.296157012123904,0.0561717211183272,0.96798990241271,0.0176958620897289,0.866790719873723,0.614238164601725,0.730232789088137,0.0312290757657921,0.0462677254999315,0.0337027880499203,0.0420415058387853,0.826806662819949,0.03458473098417,0.803328398641426,0.952803566747675,0.0587478519660799,0.542414522902676,0.921351772587184,0.247791054408249,0.861422116236255,0.873043011406644,0.942762223510792,0.519885361074199,0.978288289307417,0.0433754507186696,0.0289078530836912,0.941144230884559,0.0289802742267433,0.0231876021320433,0.0176727728879891,0.0254414539612397,0.128699332575606,0.938284999987573,0.980067764463919,0.88880465082394,0.823453473742653,0.0287106090738972,0.950749667910067,0.915024806932623,0.694091505663921,0.0380955981032844,0.040972704431146,0.288809482266935,0.840847950573725,0.920362154789003,0.927995208472481,0.922790718551578,0.872273385106129,0.893585805091851,0.666455824173315,0.938901528547503,0.0219405611812665,0.913004257424372,0.0797896419518243,0.0546755435224089,0.0701989295081254
"GSM2260635",0.0721373425910764,0.896351837300688,0.785925786646033,0.016137607999788,0.0383754374180274,0.912172462900746,0.913196421217241,0.0265822918117207,0.786052715932839,0.812590262411814,0.761912645268691,0.026551858616171,0.0199754980915816,0.328461909401756,0.950563782063412,0.100632438693729,0.890947242282078,0.051939405092265,0.931253791629992,0.935335277027262,0.0795733595029612,0.0246446676043699,0.743191582753557,0.865929445753724,0.930196369490604,0.898100139720832,0.622175219748463,0.051118354561141,0.816813172311788,0.485714660786406,0.182700537906174,0.594976059648804,0.0401452094573859,0.0609279078973782,0.920768948468465,0.805764016741196,0.0708085923389131,0.895452242950241,0.711553681208719,0.90575199543721,0.885772487041626,0.885262906649652,0.012764880030636,0.856339980362986,0.324698003309251,0.0705549200551122,0.931719960820267,0.0261632421652961,0.908560658794456,0.513511921012696,0.741199343555096,0.0242534216221125,0.0258780621379918,0.0185136333295185,0.048645745039998,0.816062070301633,0.0254075551706847,0.72871959641876,0.929295511541644,0.0506914155554133,0.547903666861007,0.895975509792947,0.253441709115223,0.873791195404889,0.800579199147296,0.907142106669813,0.593676449710647,0.980485127480794,0.0470120283355424,0.0314157375241714,0.881936287319824,0.0270550688237754,0.0230814270034517,0.0215941344450762,0.0217137038443312,0.155052646415774,0.921665436351621,0.98542404970465,0.865222058927206,0.799930649527832,0.0270972029370871,0.889036078106636,0.868412018019088,0.729099128437557,0.0574538034317805,0.032272914995692,0.274518654499396,0.759330924839449,0.916919114064357,0.918768110768538,0.906472557956017,0.777576989198991,0.86423293210614,0.635154174982267,0.939794036729981,0.0334391562898406,0.908784084281914,0.0682298075855898,0.0441869469701364,0.0922647871900972
"GSM2333956",0.0704603754865785,0.883340485980126,0.808150551317868,0.0164649369275185,0.034497863379296,0.952521648379439,0.918368075375549,0.0235156758984567,0.850663256926185,0.877103673026846,0.835761082654336,0.0494259943667578,0.0254791377975483,0.352721887127528,0.964699427673008,0.190041260900621,0.920961168890067,0.0610487765270842,0.938832746383476,0.930508412153217,0.0804987078917233,0.0303672115861632,0.762931008476114,0.925841342550229,0.955808662965244,0.93332870786208,0.607904943678242,0.0769309894879547,0.783341034696335,0.527516120944912,0.167677610585137,0.617429661578137,0.0261391395938634,0.0573280183345365,0.955433637727725,0.920774258241102,0.0473252750704901,0.936707737949785,0.779193787256954,0.926545794178401,0.937307946050456,0.897416054879768,0.0164904388002686,0.90394785141153,0.369468355685715,0.0866137412332191,0.955185155136258,0.0312306727322345,0.925782522167154,0.645716849313579,0.692525126617297,0.032309267347268,0.0290471034264752,0.0232035985600141,0.0611956102524479,0.873170318650124,0.0377131022710631,0.705545329432656,0.954610563754781,0.0608397027925584,0.593065942299394,0.947560104929628,0.327035969850827,0.930947925979324,0.846384403141136,0.93132046977212,0.596845900600777,0.981628103943984,0.0521082976112153,0.0330284076194635,0.950842843972201,0.0332351379286334,0.0285824984924377,0.0195548376462052,0.0254513805740102,0.185963189494677,0.942261085686007,0.983054942431103,0.930817395506143,0.758380216739269,0.0341567377290365,0.942620128877294,0.941708121858064,0.78341064020741,0.0386236616373122,0.0566909210179252,0.327452104776542,0.797590386236921,0.941075715043135,0.882488453333295,0.936035945083348,0.891651639652088,0.839846401702365,0.684091580943541,0.954348176060411,0.0223206670125888,0.915954595423207,0.0830071228984148,0.0704771682777488,0.122386424853792
"GSM2334433",0.0751178266193909,0.885423326497901,0.867544021974077,0.0190227843913427,0.044521698786311,0.963630354354578,0.923437728432991,0.0275427857147957,0.854418688288179,0.854413829788549,0.781213258594172,0.0381776422858661,0.0215720601089689,0.375083163947667,0.960480028257704,0.162712473033509,0.922537920663794,0.0684213534018905,0.951280174386549,0.947361469238742,0.0889403731330244,0.0409020894232284,0.809124782418424,0.92295474132255,0.963317332099388,0.929487529702121,0.532860009591592,0.0784073915468708,0.84629057273157,0.489522544726331,0.14069349939992,0.649798580089674,0.023078414910468,0.0555386313299875,0.946715379797853,0.925194462623745,0.0464551209485734,0.932081689797121,0.781198202550976,0.921416878165411,0.930372909874641,0.885507225488736,0.0151952886481619,0.908014492751097,0.331794387197833,0.0864885649094019,0.962973874255016,0.0220112983179015,0.927615318482779,0.650187226265193,0.75295273023666,0.0268647696411775,0.0289867032539259,0.0252797577650389,0.0654760144636979,0.866497672441073,0.0526583270554682,0.712490812039811,0.954177285582245,0.0607232370358937,0.584364116905835,0.91897857508876,0.332560036831542,0.924982927081454,0.847103949827376,0.921194822003096,0.587184961710107,0.979818959809292,0.063630780289119,0.0320195961651536,0.947920282031124,0.0346301886605864,0.0288781017001548,0.0189208131998803,0.0272764433926815,0.132622445898411,0.919425398696002,0.97960457822238,0.930451038821204,0.854138887990088,0.0194674145786281,0.937456208253919,0.927124321372328,0.724015705813581,0.0314235593237186,0.0588999986147868,0.386094344254974,0.80566553080898,0.928764323377318,0.892705621858594,0.933864023582009,0.902701948691234,0.863772096230787,0.70806277338988,0.948953510217458,0.0168601867046474,0.93764695159929,0.0512533549688393,0.0745951601456394,0.0942691172128226
"GSM2449464",0.0977105209233355,0.849043397683299,0.820032048046241,0.0147000025652552,0.0378815371852855,0.951675838066368,0.875518144779917,0.0232742862438388,0.867697718095124,0.898927608276548,0.931099890840482,0.0391208797635762,0.0200548404806444,0.322392332995438,0.963373144143375,0.139073309105665,0.901968083296492,0.033348002381889,0.950016318468588,0.924923463152539,0.0761688557470886,0.0495486299122211,0.795598749871865,0.954547231355874,0.94811770263848,0.928947162788447,0.690452614493537,0.0599438783986618,0.941413196785874,0.49627589594502,0.0714567479927256,0.464587454417104,0.0315478419744722,0.073943850742167,0.953126071122621,0.910660794833123,0.0361538820971698,0.960081950658043,0.898637830732071,0.910270589301714,0.931358357139337,0.908116374460633,0.0121807502533461,0.920213053265664,0.351784711440732,0.0773670768829533,0.961213248390265,0.0179685184606667,0.949940563971947,0.433670717228035,0.750333076297146,0.0182015070446139,0.0270020458928148,0.0177222465440576,0.0563786773130547,0.926589863663983,0.0326511934482762,0.69563426972629,0.949045064505903,0.0700708781685333,0.642825523531117,0.94894572123447,0.500714979007337,0.95130020518239,0.861683566115063,0.904848127461501,0.574266489855799,0.983479435982587,0.0473481726401652,0.0378921610589151,0.925719886894298,0.0319014926380604,0.0232063954558681,0.0180379317084754,0.0191959370938174,0.240367493032463,0.955006476478835,0.982158750763554,0.942751648172144,0.715434468250591,0.0204028213195042,0.918808885644413,0.901761020215345,0.72862108296327,0.038051247424152,0.0298577779610679,0.187290513844629,0.788799375952328,0.952066849922907,0.895628101095062,0.957950442051411,0.884956793784759,0.860921596910651,0.59582137798369,0.949988261597327,0.0249214135378171,0.911514448243595,0.051962923794372,0.0518788277998184,0.121524128262975
"GSM2465177",0.114515521866189,0.82809619377731,0.794981387280029,0.022103894962006,0.0427683002994391,0.907753737488706,0.889972952187129,0.0349513680357585,0.852011596883259,0.848722696161781,0.877871002941912,0.0545210989183045,0.0320602470641062,0.263274350653637,0.964427046167723,0.183576552959644,0.889025017261207,0.0833510114007405,0.928540010077538,0.946984151606025,0.0671182805687466,0.042696928224913,0.777776787463841,0.927763749761853,0.950797313400331,0.919136487231494,0.591050054239441,0.0706791708831893,0.689771554829814,0.370996095393526,0.12998242744156,0.687631381641844,0.0256104149642343,0.0715108362872166,0.947766577552686,0.872793103078035,0.0526069043642402,0.932252994153629,0.82258892949024,0.944046126618846,0.902676427952633,0.899171351021421,0.0208743552135064,0.85631299294233,0.34934274055832,0.0984183979231551,0.955148965586955,0.0344185064109829,0.939265983839811,0.580245834458702,0.679237141785997,0.0383664634967105,0.0307383229294286,0.0268087891000893,0.0530260442717757,0.871181481574332,0.0431126155492651,0.654823855814698,0.940822126754981,0.0684406235744452,0.580873323043947,0.936323101495713,0.3320404190372,0.937265372562784,0.805225455144561,0.904700919966046,0.586584107677903,0.978775150643948,0.0405571036610361,0.0368651699291936,0.957638761236863,0.0368902363860486,0.0275853664147514,0.0218280432201864,0.028987100104628,0.224889086293437,0.934741297671226,0.984140520926505,0.932124009908557,0.704006630373776,0.0328348094078823,0.949804240904648,0.925456525084223,0.794080181557107,0.055156139119544,0.0561634220820549,0.279241966365455,0.731565211400196,0.915687262751938,0.86649731557251,0.933721876997614,0.862558967525765,0.780488039490328,0.533341467392747,0.934356858913276,0.027190612850668,0.895712176331388,0.0691852306727368,0.0645406793087912,0.127556907004434
"GSM2814150",0.0333971331260399,0.87994951926784,0.830634173045844,0.0195776719827255,0.0319993436592953,0.924461528554002,0.888142179277922,0.0258825144219936,0.872634144772932,0.796075238820946,0.599257695871399,0.0641292335443404,0.0277323977550295,0.171418643318049,0.937921721001911,0.200940328795051,0.846916305336801,0.0836011395926289,0.94794493489884,0.961621099516529,0.0311248590157004,0.0465908453192753,0.805071395508918,0.806080739761881,0.935246811916213,0.875176575560113,0.715929541098676,0.070094035686815,0.753901690352623,0.414463774300115,0.231545104888703,0.719160921446757,0.0419557983780351,0.047925570723245,0.920527720274386,0.922748499497686,0.0579159544784717,0.896004341792166,0.769713874110229,0.949307746739752,0.911860075562324,0.759231212800041,0.0221311352039544,0.874187243795871,0.33664940356776,0.035287052194698,0.956178158195318,0.0182965643774033,0.868448848919344,0.730493900783139,0.641914483432479,0.0429897974417695,0.0413708805640666,0.0388914292480116,0.0387290165244929,0.813155185595925,0.0355879915874799,0.668264845682007,0.92782992242817,0.0489540394542655,0.537688595115465,0.876055228125506,0.269361674678867,0.880592013603218,0.835438703881719,0.922550837131768,0.515874108626806,0.961717643867627,0.0566190436166315,0.0343035764064757,0.950247932831235,0.0228877180492291,0.0220673552389451,0.0290550013122197,0.0326366186502811,0.151256904538972,0.928525489487851,0.973796505058153,0.850263661352002,0.791005591320831,0.0253346966158127,0.949275341596738,0.913497733394276,0.869553459701798,0.0466902776329317,0.049863488271707,0.298698864714622,0.825963808209347,0.869480921258372,0.87971656077216,0.902941089045855,0.873291893409913,0.810719838378976,0.651859337737222,0.907622567565318,0.0206115627471878,0.907428952485102,0.0828725208877602,0.0410233002780384,0.0541642209762579
"GSM2814207",0.0482738347966338,0.908249120599914,0.852411838935181,0.0216466057615186,0.037695490772698,0.946017266428118,0.920366909532254,0.0296969783125054,0.866188630039914,0.827941186478145,0.740385960782447,0.0483014477254505,0.0246855029800473,0.180365767236588,0.964950820069148,0.147814239511351,0.902572293774584,0.0664634161487875,0.953426793507025,0.959014741905694,0.0538916739997504,0.040109486751222,0.785162038707726,0.852704990600331,0.953553092786805,0.885756797077735,0.703988309354293,0.126939883554876,0.800205474673084,0.439308006681861,0.262837882577077,0.617629381498955,0.023748559894935,0.0589923408827047,0.939549926379526,0.905838971841604,0.0580471596809416,0.903519474506359,0.790336552896664,0.944805989158393,0.92092783122133,0.789878008954734,0.0181890424395991,0.899006345516651,0.325792212895923,0.0558538936890505,0.946799380918547,0.0170122001225262,0.874690610223593,0.582848150770601,0.720712697658049,0.0400063507051995,0.0313487226416194,0.0347905613919062,0.0441596448628624,0.779972070529012,0.0355147594774907,0.738181999161062,0.935638709341157,0.0650082603307756,0.619761428081611,0.927975491532094,0.321859773980146,0.885319303321028,0.912500192453178,0.949636219852652,0.502048689764681,0.976703051904795,0.0598562744732913,0.0433288707855236,0.923159003447027,0.028519940013099,0.0287046957025403,0.0278951388754666,0.0205244370756143,0.179459923894055,0.940939421230888,0.97987594690736,0.876167748316904,0.797999987929296,0.0480809902241808,0.941208073870823,0.928550330296806,0.860243285889906,0.0385178401159791,0.0379235068112958,0.293061480974449,0.810104725202499,0.896131746163138,0.944174408774088,0.914557865335511,0.858778501646236,0.848996618998613,0.759610061426209,0.943054187007381,0.0236048951300759,0.9112989865457,0.0753752112237241,0.0398579739409047,0.0569057595362676
"GSM2814585",0.0606926722070155,0.887132161276698,0.896123265016746,0.0132075975781152,0.0288745116350068,0.951918977390692,0.934157763318627,0.0198796908109761,0.839801642344602,0.823632517092123,0.691200616402769,0.0486316265603489,0.0303320014329184,0.222071052972381,0.95620251551143,0.24856687172445,0.924275166911207,0.0572925873262874,0.954171474857314,0.962460757774163,0.0612275334418392,0.0453734316347414,0.799246105849651,0.859524944643169,0.95793693400106,0.898347159648774,0.649971673601791,0.0698071829192591,0.724212636766042,0.472937021123625,0.23956774440742,0.613276166798166,0.0362540068155763,0.0437764276512884,0.941723930042885,0.929059976530695,0.0442809921686818,0.92087613432943,0.803524781421007,0.941928018138405,0.929024091897359,0.821988397368111,0.0164635315100301,0.910900212530204,0.359417605414886,0.0677720115769768,0.961065947819934,0.0145206826769281,0.86586834470832,0.574910528956794,0.643980911625925,0.0472213672156791,0.0363762895087112,0.0402316309383615,0.051541773659688,0.77447356801683,0.0298320599387003,0.690541963170481,0.945310644007572,0.0431993258527858,0.56300949129547,0.93375809761213,0.282018868114482,0.864635133335119,0.884778916932698,0.954932638899388,0.548899988363448,0.976809693516354,0.0644721520397343,0.0369734902554491,0.959970410735639,0.0366489581837824,0.0155730022499931,0.0197161363628782,0.016737906290659,0.126257517313217,0.930129704782444,0.974849655455961,0.89401593022981,0.734702974847678,0.0275158529826523,0.940117074937895,0.925210218114607,0.820335399407003,0.034843722861421,0.0410840910675086,0.292227005921833,0.830090580013033,0.872639566373276,0.931778964113867,0.920369013885187,0.869030519540982,0.852251076360491,0.743991887125331,0.940807012984278,0.0270361073737625,0.924703259002359,0.0691668816343761,0.0564704489245078,0.065790175777022
"GSM2867785",0.0613152014199649,0.890313866864772,0.82048085356056,0.0211634977660255,0.0361656006421483,0.946240720070907,0.909276017725594,0.0186875534156532,0.754092073804784,0.753485066180441,0.69238349718983,0.0459681980352078,0.0224694632296058,0.213077956478774,0.924762937043092,0.100135132263228,0.897103016815715,0.0623495622695448,0.913969139439111,0.904033107736892,0.0826979201771971,0.029357084840347,0.682964335880484,0.825468699685135,0.917183951127244,0.858382200934644,0.612073947618274,0.0641276762882849,0.871635920738842,0.43402346784639,0.154659827282838,0.436905173939662,0.0272125320140091,0.04567807060503,0.888172709673987,0.907765967663647,0.0560511152923314,0.925642242044186,0.801324816316745,0.89847220703861,0.908436770907537,0.840528692063146,0.016791163374516,0.867532336360107,0.29899358248366,0.0661546684376597,0.946090307463389,0.01924842443375,0.886878575717736,0.410524857181569,0.747739829031928,0.0349652678797169,0.0417527672431976,0.0321456375974686,0.06423191093905,0.606874890366854,0.0345473734753413,0.625483481503589,0.914204089286225,0.063465892686177,0.507397993005128,0.834731068817432,0.346185629225242,0.764801415714722,0.799021327049926,0.896440384991193,0.503206370539398,0.974417096388253,0.063974023104863,0.0491570159995115,0.87840126883559,0.0362094845688904,0.0268598056484881,0.0182491241525046,0.022485534608718,0.154862695486787,0.916818883504977,0.969415710440886,0.84685502856597,0.839584015283351,0.032539535717472,0.868011558214022,0.895657011715253,0.713523243925254,0.0736678014452451,0.0478621586864754,0.346229174490957,0.764148226176981,0.906709938857799,0.882350230442528,0.913006600470126,0.859369132909102,0.835060387371133,0.361869717199592,0.925290489622237,0.0250439558671574,0.878672024954175,0.0565018290505038,0.0581610298302032,0.0924676502128737
"GSM2867791",0.076719289095632,0.785608652243344,0.791177161397847,0.0218499871384985,0.0447824587191165,0.921904842603905,0.87254548348337,0.0450578567211489,0.739803103728033,0.77444745970616,0.762393371876541,0.0484047854606427,0.0259130377586183,0.314972512456322,0.925380110480713,0.136295935740695,0.859076298035885,0.0470831815229168,0.914795248027051,0.926061640789518,0.0845797745958882,0.0251066242942218,0.663245575132382,0.864423599496457,0.93735694608119,0.887506113207468,0.564297014466476,0.0570659513999749,0.836354584220909,0.493617455342869,0.142854614455696,0.524919626587395,0.0299355624644362,0.0498333484228196,0.900689048152101,0.865617240116857,0.0477896747506964,0.885465647498577,0.737257489853974,0.826616840916185,0.890434911868382,0.861156798075803,0.0182113477212698,0.855214543510385,0.307607524246573,0.0786237291397332,0.934322402453485,0.0262956098637311,0.887462331037609,0.498790607008445,0.67351116335094,0.0368456319688579,0.0426031924765227,0.0298190774255318,0.0539915315925912,0.747017712569032,0.0335684367731899,0.549783807022337,0.920671540489296,0.0568445766150059,0.531738195029586,0.847505808703981,0.32958059440518,0.77428045014132,0.787183610799821,0.862970633326549,0.542814596097901,0.971314199246676,0.0484485798861224,0.0384062575168921,0.930506258740038,0.0306864918151929,0.0254990765718849,0.0242469157126283,0.0241888420094658,0.157110838881533,0.902664475915713,0.971969289680179,0.834046995398248,0.731270628747301,0.0314775547795156,0.871460172673104,0.913157021791575,0.710176099369184,0.0407003769446794,0.059996099746985,0.317714496914809,0.667335375106398,0.898753851511194,0.853712654768226,0.918374717706239,0.834897817111746,0.827361950443085,0.606013223890305,0.920749169429119,0.0293840855092874,0.846729281148939,0.0560625816554117,0.0478934869948844,0.147550522066625
"GSM3035865",0.0593036658165151,0.867513952838732,0.817279290341857,0.0207448037116345,0.0350084179032559,0.935355940386641,0.895504307695081,0.0287887025167635,0.827253916223004,0.649029725923567,0.727232099420783,0.0512383880046372,0.0303963634914921,0.218110007741135,0.947487562416432,0.137832171676166,0.897497604876405,0.0553140365308365,0.937236126348478,0.949807664270525,0.0273911738329582,0.0363690469225424,0.722823035206067,0.870447424341932,0.942186527264703,0.904748690088938,0.897601488852794,0.0746608066437751,0.763405967670908,0.539225251272861,0.217456075422035,0.727841246367854,0.0308230349205396,0.0500491569830357,0.935106756863964,0.91363502956323,0.0497754480179624,0.908545196874813,0.7605092830399,0.942317743344264,0.909055460774076,0.772475535353192,0.0145210195943939,0.887230093702002,0.28892669463659,0.0637331443023146,0.95525922806584,0.0270988113567996,0.878769762404966,0.684381916719393,0.605511466105709,0.0365029376502073,0.0361119898765403,0.031541766301788,0.0414982109258827,0.867093622627464,0.0338781825064124,0.531638589925041,0.943380407454927,0.0514617214715456,0.505968150238263,0.902799622445643,0.301563969402818,0.89373977039424,0.863884015289891,0.907217168040788,0.590547296003219,0.976246827084509,0.0462106862164169,0.0344677943736503,0.950741601090949,0.0282759756477084,0.0220048427179172,0.0215980866619342,0.0255113998856499,0.186676464425806,0.933321496951518,0.977470796543097,0.89158840455932,0.904243464321097,0.0259354345542343,0.928425041202078,0.942134969759817,0.877947687643258,0.0416449023286906,0.0351840717605018,0.352493635276452,0.801009015686982,0.877396692827943,0.909272529220977,0.912449528087386,0.860779401094021,0.843919844698822,0.701392060682807,0.908743951117066,0.0267889904208903,0.923000350153231,0.0794942476195402,0.0365564358109026,0.0691774744335534
"GSM3440423",0.0477737931668152,0.620647520590475,0.763727110433192,0.0165000421685835,0.0289838944173817,0.931546915021428,0.856560575568616,0.0184002101218911,0.773145104928076,0.843452411603842,0.83897730394425,0.0290326533070189,0.0183981780141675,0.269392700767519,0.949013077614921,0.112885521382173,0.872008905152691,0.040834757462594,0.935367086418412,0.929600054428453,0.0559999470331347,0.0252919961436936,0.773486853453817,0.902917375127326,0.94353406640156,0.920869311383294,0.589766756488813,0.0548535574620219,0.640762739608439,0.481428944655498,0.113761707199131,0.575018195892369,0.0223398464058289,0.0466031565225879,0.941673336771065,0.889117981777304,0.0385354562334095,0.899457966323383,0.696175774740968,0.88466045918538,0.923339275377797,0.904269423154103,0.0130122213708053,0.895082490322197,0.346601228451712,0.0569195284649202,0.937670167127291,0.0157529998676587,0.940257403719599,0.617215311654262,0.665793277701349,0.0284041416078539,0.0364481888566803,0.0200535807751588,0.0436599236379621,0.77861864842455,0.0245923020250178,0.700554060489237,0.925929688235158,0.0545828808704554,0.502095066851484,0.892440767844164,0.251129847331022,0.909969521988301,0.780204420269661,0.875602797998758,0.539957765021938,0.984114060537856,0.0368307419506355,0.0289489733413114,0.898161228629579,0.0275891659500241,0.0178617016431338,0.017097043430559,0.0206942708726569,0.22829119597739,0.924120475128859,0.983691756864176,0.90227186637155,0.762182667028073,0.0248428878054736,0.905005333544382,0.921167388581782,0.681928863208864,0.0313912143353604,0.0431302304636336,0.157914208955424,0.735902821415986,0.930643967867122,0.870155042925726,0.914099517803527,0.820621424720773,0.86602927035519,0.560744586124363,0.921380474533917,0.0192358703973043,0.90320462768324,0.0383115521721094,0.0377604763063617,0.084676128586014
"GSM3440720",0.05361095645979,0.841540399569932,0.84343414416986,0.0158034190674828,0.0276514233862743,0.947110246605658,0.846326699905847,0.014891169350221,0.843383710212228,0.778277232443029,0.889860243153705,0.0393988711632348,0.0189806710369138,0.0920907842296008,0.954126690933127,0.0870647642214718,0.903472008083926,0.0313040569174192,0.942963399116953,0.937740755152094,0.0410080448820014,0.0283094013082021,0.847421083731756,0.928419471563133,0.948355716879872,0.93713910112413,0.824482381899115,0.0690407269662865,0.765195086460305,0.790472483987637,0.083705205392599,0.70064215937301,0.0243356774745778,0.0466461116385949,0.951301451553582,0.893500954423822,0.0397233256132345,0.857203398628582,0.6746419879968,0.914336471209773,0.93592074206007,0.940891780110455,0.0106694779048479,0.925308545992943,0.355836819589308,0.0643313962456202,0.956216158242252,0.0222297802575081,0.933695231306137,0.762308004276905,0.712144662132136,0.0203736796355161,0.0400979323255199,0.0180698792961172,0.0523198901719138,0.919671449463741,0.0322284542169138,0.729716912358579,0.942353542749708,0.0490191030689861,0.523762381192978,0.915433690794825,0.208177356982275,0.920074134036957,0.816345762060525,0.904073822144148,0.532075054266613,0.979719604834697,0.0391913279235496,0.0318751139216028,0.925132273256495,0.0293537050558606,0.0232723341418514,0.0156522969116858,0.0246029524281831,0.132594608643889,0.916599204552046,0.984283619405425,0.92898997928574,0.663161066000279,0.0211137213423055,0.895739076269252,0.93212916270944,0.794833247138671,0.0400834059444817,0.0366884043586052,0.166223207834048,0.789096381905598,0.942819187937193,0.903177272641412,0.930782824664053,0.877856498590036,0.885956232255418,0.729458733388963,0.941339389813602,0.0208517106136718,0.917631832129992,0.0257350462450132,0.0321951790234285,0.0799581612922969
"GSM3530063",0.0483424638962276,0.902225875423231,0.814172745196376,0.0191932545048027,0.0260318059456254,0.944721504534181,0.909226919174176,0.0185413176404972,0.847863671664079,0.870717952607748,0.900019853284481,0.060701802852142,0.0212113878814501,0.197898930172161,0.962930704347911,0.159668301600248,0.911354839874348,0.04644766868596,0.947904682641529,0.954012265923479,0.0821063641991556,0.0516205293019179,0.790982774233594,0.945091597459196,0.953778956036813,0.931073236122062,0.604961316445508,0.0548139055153677,0.934186039207975,0.48640849666112,0.0726811500305795,0.421790306428152,0.0250308408779065,0.0719696515934835,0.950498459364984,0.875139820312624,0.0660188280033852,0.939208630621238,0.859625907394092,0.91392305940757,0.935080469558008,0.926815735295809,0.0187141555195471,0.896882203270233,0.312168162646241,0.0506031509493035,0.951733376360193,0.0179477807387297,0.948430284271623,0.383054556024433,0.731320950861025,0.0326791612196584,0.0363226253476401,0.0268146511259606,0.0511346218872458,0.85874669743112,0.0270658015491099,0.559364405463602,0.939146657853382,0.0500193977476812,0.608591150250148,0.937969536362942,0.434581336620015,0.938210295351318,0.851812841435328,0.928062035000424,0.434273928378821,0.976039552458997,0.044747649993138,0.02404729947684,0.939081074725316,0.0289246745427634,0.017340449089408,0.0220308813438395,0.0234008402892879,0.162620604615052,0.949762082098525,0.982629231157162,0.938513746748791,0.740229736451238,0.0302212328995641,0.898065117734189,0.894456607072239,0.711407610788141,0.0401489042740958,0.0615474818052751,0.16861011070104,0.839893573553552,0.942207228073981,0.905767351325216,0.943395911758859,0.909278081492141,0.81267132434055,0.721626731901231,0.932495386092878,0.0249036107917972,0.892103159228695,0.0608199521048221,0.0512569148433066,0.086094622369772
"GSM3530112",0.0759436102149193,0.885640605767777,0.807382674836739,0.0205810823525722,0.033536654283479,0.952178715303181,0.934472485950702,0.0263139688102636,0.86629791125009,0.907035717358915,0.896198035320008,0.0447942868276163,0.0267970967862109,0.229477891468627,0.961005599494122,0.213061780819903,0.878458388837819,0.0557118160456079,0.946985737749319,0.935091834611891,0.0998520559224148,0.0473035618215202,0.822857755578387,0.950343832341051,0.94493998121359,0.934038707960014,0.614444379926363,0.0604700199032691,0.911274947663115,0.480450302556762,0.0684629730218418,0.397407649687021,0.0370688686139537,0.062186861486373,0.947284357658975,0.901343696736282,0.0468758662458143,0.951981860914547,0.851186535504619,0.90676895704423,0.919275408365171,0.92966112489828,0.0187560859471308,0.900154409868574,0.336165874299561,0.0625195726780876,0.95615966205526,0.0184573987756412,0.944389594205527,0.390904482468055,0.749578657960706,0.0427515077573706,0.0367917737906027,0.0280556582710638,0.0531828232591055,0.911139315141609,0.0329209060628348,0.64342784088687,0.937462556309832,0.0522394892432089,0.659152212348414,0.936613235692866,0.506015236036703,0.939997672404058,0.886487737636523,0.947796449475354,0.516618130398822,0.977676840610534,0.0468218503363061,0.0301875678798515,0.933354444968138,0.0267697782572899,0.0213814324011813,0.0231962222871856,0.0241048035181219,0.191212069604687,0.951218694450031,0.977151240937658,0.944237731918307,0.653239534616889,0.0311328236491746,0.905707680494089,0.926748887320065,0.706370773303883,0.0493618371510419,0.0397890164170353,0.217918519615055,0.86414459865619,0.940089254156184,0.879655629590915,0.941512294221651,0.912657863203134,0.775343562548276,0.737113321431194,0.928537798721354,0.0302052709940312,0.924862108932976,0.107831530739047,0.0509929493676603,0.0856550647454763
"GSM3530116",0.0489303850423768,0.906303141572064,0.848195337687325,0.0175472388544192,0.0264590687060092,0.939809345530962,0.876354047486603,0.0183034626200607,0.854440034014504,0.864761540702086,0.909253842239635,0.0432605072972218,0.0243482099494717,0.273540320759982,0.963852811794916,0.171570333744842,0.925746612516494,0.0461879321947412,0.951735289968311,0.955347376167835,0.0816700372987885,0.0325639121167839,0.77548681624094,0.944111757159073,0.950293131896099,0.920212238903393,0.538257167263794,0.0564097390979516,0.924891568301218,0.465480127972767,0.0768103348456687,0.38535006337244,0.0496648566415858,0.0525608584104691,0.949428955446505,0.893132818255603,0.028744166477451,0.945480363628758,0.877232803871703,0.922196577815467,0.945019775307761,0.929479143170262,0.0176997229564667,0.89337529108045,0.302822908125603,0.0398050102299514,0.960389943358347,0.0226591989268487,0.944092063629828,0.39653220227133,0.752408023499182,0.0304636002575256,0.0361071816086566,0.0260410435857265,0.0498807102632684,0.895520738113655,0.0337670421501034,0.51000072660263,0.934870619674705,0.0362658855496228,0.595499002582094,0.933534567030435,0.405547342070137,0.935837241025249,0.877432014353312,0.945226200364605,0.498573189673748,0.972675834419563,0.0376421061327035,0.0302369337256767,0.93924405605964,0.0307429827477809,0.0215154857414057,0.0224869590995236,0.0222560674235281,0.141449141600148,0.950873215163931,0.983862590442772,0.943588686128601,0.808571614493384,0.0265381600027595,0.908410283291394,0.914431095235855,0.719924977206329,0.0443119366358942,0.0404796908387857,0.225064115598563,0.797248118112359,0.943212614888259,0.89321575540876,0.937059009079701,0.917209735251703,0.799553235448148,0.718303299909741,0.92700894721906,0.024504866906456,0.88052483574998,0.0683190594119542,0.052006270416339,0.0707515382994957
"GSM4185541",0.22150958203104,0.679402371148036,0.621484113034703,0.0187498527644898,0.0484428696764198,0.824023424030558,0.890216077266039,0.0825663833404963,0.693057861639412,0.823504750802401,0.822757610354802,0.0246792583985272,0.019476809017762,0.463554465870841,0.945907044570122,0.0901017791750145,0.76300672399842,0.0491262870973075,0.915110207656301,0.892475375673724,0.14349267789142,0.0539809128236078,0.706420322193701,0.889070242339874,0.931680976560697,0.907023886081198,0.665465064816764,0.0466606535445124,0.894038351216285,0.457044763892146,0.118375889211718,0.663894250409717,0.0305843513113716,0.0698216295753743,0.930770477067903,0.917334613413051,0.117475950318465,0.927351625851321,0.881060387732922,0.853329464743477,0.908904009429583,0.827788070438895,0.0148123785006269,0.878378267969603,0.450192257045275,0.163797033604304,0.853933004266006,0.148446516437853,0.868428770569284,0.486793521698394,0.714603530366066,0.0309541129807768,0.042711705123284,0.0298263091721576,0.0796623550621759,0.723839705550325,0.0276417234524538,0.494255240245115,0.937408059256183,0.104443869490348,0.639992208878812,0.88130232146732,0.553851114997607,0.794131739928461,0.60326561880091,0.832078283957693,0.695989221173567,0.974120001799608,0.0482840233459976,0.0444722740233931,0.917274985819617,0.0286210700641533,0.0199775238563379,0.0196674205980473,0.0182568109349269,0.290812490996801,0.897900230202487,0.971936881884924,0.814601066365535,0.825938232517959,0.0281469260344235,0.929624406885986,0.878418572249302,0.668217958977411,0.0593200593939467,0.0909946404522237,0.451650404753473,0.530184464242443,0.92743726845754,0.864401986852828,0.918790027123074,0.667988842869679,0.802183012981612,0.371894408932771,0.952920842718581,0.0246428029935038,0.846157907877555,0.0716069905175645,0.0557106715930051,0.269514381336481
"GSM4185593",0.0850563422796045,0.747659527404142,0.699635648827923,0.0180152576591466,0.0384167664462782,0.85486610978344,0.860070700165464,0.0327342629059483,0.763618353213333,0.82619913269769,0.854042896005572,0.0255356235649615,0.0161814491069658,0.279560952749237,0.953619651866389,0.0926086992641612,0.806372150400449,0.0389195320770213,0.935403028001197,0.93419589934779,0.052409910424043,0.0332155287536932,0.710755942156221,0.90940497590235,0.938202997336645,0.909837439054413,0.635410091659298,0.0618070476770543,0.839515133623445,0.3445230221319,0.108045087354873,0.557402245880053,0.0242163737546365,0.0473861568988262,0.927333572823545,0.906291767767851,0.0794692119513788,0.911349690825324,0.873095306299011,0.888828655844374,0.915888433169599,0.885214344184482,0.0110689939564512,0.901378469814641,0.404188276963005,0.104386610475013,0.891577290307719,0.0995757933864774,0.890917588733063,0.423963175492978,0.699277834799072,0.0200138014155688,0.0414845849236054,0.0242798296967912,0.0479849061765805,0.806048351565533,0.0226976178767608,0.533977088056718,0.94310487038089,0.0805688663102192,0.578865590080553,0.893143390582908,0.42912871584499,0.878109539860179,0.719935393774569,0.858062954129957,0.574424791405832,0.978874220307317,0.0305143590024849,0.0276757351658845,0.941314893014398,0.0266451872725594,0.0194717252842558,0.0171985245723451,0.0213401175707834,0.209953978299104,0.921560682325627,0.979216950345762,0.887235439560861,0.792611104877191,0.0192201117318803,0.917556500249044,0.900469199555111,0.711533329289881,0.0337694755117608,0.0569657568176413,0.437170254405907,0.622153328954112,0.925829143615284,0.852013905872904,0.91827156651618,0.77096888677345,0.803227731413439,0.481020399417902,0.922523388798462,0.0249972693599878,0.656851372682941,0.0454326463467003,0.0418539948699196,0.166951760051712
"GSM4316825",0.0698843814706751,0.839621084446222,0.771649472550862,0.026266691069799,0.0381493536656004,0.926670431055948,0.893166501525535,0.0248303734509154,0.761426031407227,0.781587692785875,0.807169333419946,0.0767384520270313,0.0350121507542458,0.373735096257832,0.931465687229856,0.191997137358224,0.886115704344949,0.0709559215206145,0.908065434611658,0.912886488057755,0.0768443005347495,0.0471498839264119,0.744972178381829,0.888482076550161,0.927443049629299,0.904633104393275,0.632600733541374,0.0648343648865088,0.788190481070839,0.557471883393362,0.195768234916072,0.577995793231965,0.0311067644394849,0.050544688533592,0.921748226774862,0.836105003732237,0.046253042693785,0.863778386984518,0.679740801208542,0.888372912954457,0.902960731693184,0.857041930193803,0.0294723717242578,0.803747191823136,0.34309166874845,0.0955834179151339,0.948964679124798,0.025410562698556,0.901419478648811,0.656827821914574,0.652050384081029,0.0502945295590755,0.0400593866461035,0.0312263321653977,0.0619009737754161,0.8290725280293,0.0404793390144067,0.609828096766362,0.913672757394212,0.0504229289116976,0.57101924856131,0.836511435690813,0.299842185012256,0.900897807908469,0.807777058987406,0.894784587857006,0.564021918834067,0.968198007812355,0.0702728977911753,0.0536124791947324,0.875428855659198,0.0429041324005238,0.0322661161593893,0.0268901615672315,0.0239671957473908,0.175176012940851,0.910753969444331,0.973718323148087,0.90053431375558,0.754462735085573,0.0650993087868224,0.835066923538825,0.884512667963886,0.699640584567847,0.116107588193498,0.042827771042463,0.217399595879905,0.774680644567287,0.897007308827577,0.834683750077094,0.900387887190889,0.847609222215234,0.741915121568157,0.639563299788153,0.898821760079142,0.0320647666110312,0.902721052717297,0.0429754814235145,0.0675494238811399,0.0890427880812326
"GSM4317097",0.0651627126113013,0.847100284528699,0.749721221770735,0.0241161076246075,0.0342359667785338,0.922137847063403,0.870880128359967,0.0273883576156753,0.778057658839867,0.793114350001737,0.634587531435541,0.0465085578861501,0.0287027663752535,0.265729905135055,0.926608100041154,0.144090194684737,0.863276523419289,0.0643705989061537,0.920135569996418,0.901489813652055,0.0775904375525021,0.0327959609605798,0.734207687049983,0.830399758279785,0.909910085373507,0.840553602918106,0.623893496185891,0.0748994581339587,0.778072608948422,0.585006074666032,0.149189639591402,0.644218027590263,0.0361701626927185,0.0484076813096772,0.90146355460412,0.8031069956388,0.0534259866468682,0.886769974444183,0.74296433502017,0.902831478413027,0.887804938354641,0.80421496112314,0.0226302008938314,0.849706167941316,0.332571431925344,0.0806189626397139,0.920564377837787,0.0278400410561142,0.839169888200877,0.601224456583453,0.654335021239098,0.0393167119274664,0.0469584401210624,0.0301827583228819,0.0528315086179654,0.781986733191579,0.0399827775990398,0.558697363296105,0.902442585208946,0.0481409490717944,0.543776799882697,0.88847088730539,0.290692036531147,0.879230543283461,0.82526364408512,0.898011764733541,0.582471051984294,0.960116204746422,0.04139782358198,0.0292488971040082,0.930043735722625,0.0348334395783821,0.0268976220326271,0.0299725304062575,0.0220629653246608,0.182577780322793,0.907358182628883,0.955250502584128,0.877391187687806,0.714620643157377,0.0383595937131926,0.878178750937705,0.898279395908059,0.731784402238643,0.058970238002051,0.0478309433347622,0.283574819357864,0.702700560816385,0.858457099073318,0.848455909554075,0.886671571883061,0.809893473167476,0.807559994165248,0.606346246310808,0.893980012342916,0.0333481546698736,0.859366982861852,0.0531034020641856,0.0548053672266342,0.0974104612288187
"GSM4317118",0.0387056558801951,0.814759322157583,0.7948243688458,0.0237622790192433,0.0373219330103696,0.931344787857172,0.857461567492105,0.0230060764419262,0.786419760784873,0.73808897520897,0.610868439970642,0.0492860089431943,0.030147354974289,0.26753034605081,0.924596306909136,0.18129742329423,0.842083004029248,0.0697319639990823,0.901611431615237,0.932564494608408,0.0583168639964717,0.0397370276985022,0.728947862002731,0.800088307058612,0.910973109277507,0.83564392335373,0.690210202191629,0.0647876154608804,0.779566240754501,0.443620843047352,0.160542018261176,0.625045141867126,0.0318870018723575,0.0404572530735482,0.871463760172549,0.828702177465051,0.0415050900452186,0.893730404108184,0.73795999232473,0.883067966173983,0.875534375727,0.795941376204708,0.0233183807362187,0.848665313146489,0.3398189711695,0.0584744722342218,0.926669288338684,0.0257274463389514,0.876336495410089,0.627761413620333,0.637705126976867,0.0462285018279267,0.0450435621602705,0.0357449451392328,0.0435600626339651,0.650267689546837,0.0347723088157491,0.617111194423299,0.918587161552241,0.0510133222078724,0.505583579005918,0.871964178849218,0.217900731814426,0.872196215696047,0.812647455482452,0.879976632803091,0.528366755089975,0.967779966083783,0.0570022076967294,0.0379222235334902,0.917386900529508,0.0343185075977635,0.0271604424394968,0.0261754113414436,0.0225210726001774,0.150609853924337,0.900624803029668,0.949760124033993,0.863973411824766,0.750785317963706,0.0424117122431416,0.867096466601871,0.921686861576764,0.790305062554011,0.0663095996592482,0.0377934770329101,0.288915924549367,0.782726617045664,0.846434314570431,0.856777409500396,0.875260992912378,0.813680151887139,0.771558729409462,0.510849175105306,0.904933324536594,0.0336170704373319,0.86943867421157,0.0486670511703719,0.0541682241237998,0.0714977385466705
"GSM3852284",0.0518372777636064,0.910254594322881,0.843635950456489,0.0180756130231336,0.0450112273627555,0.968863311003902,0.908801565023863,0.0329853909030721,0.791409635413678,0.769544322498112,0.827983373720455,0.0383570937421098,0.0149799401574878,0.191356428585327,0.942922235878638,0.130493563503188,0.888765008272459,0.0514720567449585,0.921410808019454,0.944151834686879,0.0590722909702488,0.0355294892674421,0.727176513933826,0.910178984081988,0.947660686358139,0.90322516617244,0.757761630998672,0.0500156559376147,0.884365865093562,0.460225296581718,0.127402015323621,0.392029842753534,0.0184126019026047,0.0485746681180789,0.941423780130439,0.911824813745086,0.0442016337285003,0.938801586322677,0.855156584732534,0.938452331346198,0.944329661148574,0.900671225045344,0.0141902192869188,0.936861881872961,0.293561933011763,0.0386056281548529,0.964627445328062,0.0187915138280316,0.940785887613046,0.325571516939289,0.786064997025995,0.0276905196453709,0.0251691746044267,0.0244934530911357,0.0445604629755446,0.793105123881542,0.0359631277274738,0.826262510854705,0.950079503085563,0.0405361752312445,0.55091184791208,0.847321185182107,0.384794726889239,0.632831044748277,0.870579191940573,0.921057335688277,0.455911044020452,0.981811091908814,0.0331775481121206,0.0282512355497367,0.936095544878312,0.0333298529282173,0.03614088201448,0.0144168869343296,0.0279475918449519,0.113652565398038,0.936634045243919,0.983618492586272,0.86973922242286,0.801077582734761,0.0319088533453733,0.90738687545642,0.886690207367475,0.784144867207635,0.0333350014412099,0.0298837412642299,0.16603680923179,0.813668572332479,0.90654155134907,0.880131099586387,0.933353479531784,0.893646731350902,0.854722885800675,0.711708130691216,0.882422230007452,0.0167356397140759,0.918403065229,0.0529654812166324,0.0533665537561744,0.0810542961203085
"GSM3852320",0.0428475589469507,0.9145062136509,0.7881315500405,0.0161464000883819,0.0398093684734537,0.962721420014554,0.864065101021483,0.0290730833909822,0.810799738065946,0.854125097560132,0.569920104268063,0.0327069716735415,0.0160657277785902,0.179484694533523,0.965042888696919,0.151063007559199,0.872392115092679,0.0497891441726202,0.939421009721822,0.942298301549601,0.0590982954105865,0.0431503533678488,0.744598161298749,0.926954150877858,0.950833524198906,0.915573904593293,0.599833956385921,0.0478791664077942,0.918988217212273,0.431001295320693,0.133646265907951,0.450739362738162,0.0231473766394075,0.0530412858037377,0.949805568132054,0.909643888261786,0.0286275973456729,0.943338576074954,0.853117289079871,0.954312671522366,0.951298913431078,0.928910611110405,0.0160738812238206,0.912953384830383,0.274253871283054,0.0537248350057327,0.95729590984039,0.0199511462365985,0.945535811971169,0.328979465946528,0.793012172593632,0.023906598586082,0.0295463473309863,0.0203267946058707,0.0436129354862652,0.893435339301723,0.0307071578506368,0.674699199894622,0.937022837881711,0.0455269657004981,0.538096284242141,0.929882068324568,0.426996018969726,0.860659611774938,0.854924633187496,0.920315702902109,0.529509216787911,0.981206003495764,0.0399652378604185,0.0317424136654094,0.918043823734357,0.0239820847444196,0.0353199853403872,0.0170073312076397,0.0302403483759887,0.182810625429741,0.947137428592803,0.986813411246364,0.925565899159531,0.787747843088115,0.04156079670419,0.923212475835426,0.861556510151475,0.752865728093282,0.0376726988678044,0.029039934478648,0.266211603434464,0.836740233211177,0.889721384787603,0.889333962849836,0.936085342076536,0.908596807279187,0.874572816472708,0.708077598405333,0.921639201404038,0.015087272524948,0.889223206030362,0.08329219895357,0.046048718315985,0.0788640647224803
"GSM3852446",0.0569130180183878,0.918879568946649,0.858139540412959,0.01703697028872,0.039638601391922,0.96542297828141,0.868627011095582,0.0260052589355498,0.836894699826605,0.871532535214178,0.882173969905823,0.0717647735984174,0.0206356479963119,0.193284544370004,0.956999440013997,0.198971310504637,0.887933010206249,0.0681592821832077,0.932506967071077,0.932755082662564,0.0894337830346207,0.0408418835124838,0.775824355345113,0.925243800011318,0.947159238263322,0.910399827244563,0.643343187208658,0.0446926985419118,0.657858171551887,0.509003509520385,0.0788171925406676,0.567545443195199,0.0254859140784986,0.0385405174321049,0.945425517222588,0.926744896311186,0.0324020734545494,0.931314646133639,0.814211879612184,0.925407192934337,0.941090702821258,0.925767801945066,0.0169636641625631,0.915892329315662,0.312969586210407,0.0615563228965047,0.960895230740239,0.0202632607315228,0.915051094201186,0.460713130909757,0.763460734116122,0.0365328688483257,0.0290963170432732,0.0304977326894365,0.0632034169157785,0.848410555079222,0.0367266123537899,0.617732903760743,0.939121025729492,0.0483357256441548,0.524575125562664,0.8765228845536,0.325510660585122,0.742981871337022,0.873272597053169,0.912625879927564,0.506221310613956,0.952524539555101,0.0382906014933552,0.0275928648487962,0.908600729518018,0.0341076150900168,0.037395036906183,0.0234600420281309,0.0218173602377701,0.117127465198004,0.94051628423178,0.979529150729508,0.90287089663621,0.865753653366588,0.0688593770809015,0.939780381701989,0.872303030192483,0.695691109280537,0.0572999831087321,0.0281092597466251,0.259513285639741,0.861265919069089,0.91418702141091,0.801065469828856,0.934395368917255,0.89765334472824,0.697907478489823,0.720155928191068,0.875619686325075,0.0263394939991665,0.91119999288974,0.0470269711641005,0.0580140677443559,0.0956049429664017
"GSM3852464",0.0719596665511965,0.913744198291195,0.822214965188691,0.024233273289424,0.031562272257089,0.969851067052696,0.903206837345273,0.0211652570833064,0.822975482088266,0.819724108624399,0.868501993264422,0.0459352462901004,0.0184831413631572,0.148133696016757,0.949747756622036,0.113362534619165,0.86297923715234,0.0574451667571354,0.939152918344748,0.922589905704679,0.0627926547488419,0.0373433847354833,0.777696088060466,0.928038619934806,0.933387002649345,0.902753621158744,0.535031442784895,0.0505262298388564,0.924880099226192,0.29223622090353,0.127895084931755,0.474338845050586,0.0182955199847363,0.0597723563883461,0.946007129317417,0.923125103228027,0.0348948316201636,0.943542199909085,0.851041047859527,0.941974488928522,0.940242467041755,0.902002989785486,0.012011591169973,0.929038162678321,0.29085183648917,0.0534747124010754,0.963700826426675,0.015111536751087,0.940732326807239,0.354436480153848,0.725248286715043,0.0229601034249134,0.0270236396715755,0.0207850253309681,0.0514913612068472,0.833585708971465,0.0331814660197604,0.727885427018393,0.93791287364094,0.0424327745666657,0.534410164642154,0.889711162512758,0.39476485373794,0.772705751132309,0.885528504087125,0.926901430412035,0.523210830977003,0.98421087124967,0.0528186390792495,0.0377203080987796,0.8962913968846,0.0246497249021001,0.0315145151023983,0.017004985297817,0.0203817384539513,0.109667101375741,0.937522096564228,0.985758590586371,0.91258337172336,0.820561561378858,0.0309508310960502,0.91180849668739,0.899939628028988,0.78452293576864,0.0344552613591687,0.0396714767334965,0.215388698600186,0.819898064684306,0.914697263000881,0.886427503415187,0.941548100775133,0.891122781489369,0.896699640124747,0.712875114212531,0.899355053134802,0.0153352209386885,0.913596315336491,0.0575584689622298,0.0377819489800769,0.0699990576713879
"GSM3852488",0.0500616208076748,0.916321655630969,0.859485178042699,0.0169586990953248,0.0330777770805643,0.970260897070382,0.910902150867042,0.0205696685106795,0.846881007999227,0.828321279961923,0.897815899437704,0.0485881320759439,0.0216407653880741,0.221705468310131,0.960570424544307,0.165777759414496,0.866929626824413,0.0533639596468678,0.941141848267972,0.930820428705741,0.0964868640144317,0.0335757482372679,0.77501511065006,0.926319681996562,0.933768461420624,0.888694555291195,0.662664337122116,0.0432795831199432,0.904824038252675,0.488712227036396,0.0621435652619792,0.459662007335822,0.0250665373225638,0.0397519699151949,0.931504768828331,0.889658339979148,0.0408769172764798,0.949715526117688,0.846519211173479,0.938708853181922,0.93891081365231,0.925601368962718,0.0148504541347233,0.919922275663564,0.283074885688703,0.0431615711418084,0.950773625167615,0.0191538392375078,0.930259784648808,0.335922507336423,0.719580848838001,0.0343576331840369,0.0329198926473797,0.025915638883929,0.0432525007770011,0.883204325110104,0.0291033028378381,0.691851750601574,0.933242437678242,0.0385277830317668,0.580416052491876,0.896964640948744,0.443917794964176,0.84235794528821,0.884051475976247,0.939929664215513,0.531553195170733,0.976604248714945,0.0558369609865686,0.0231873972375425,0.925006325551888,0.01965548195561,0.0378707505415646,0.0235919063235246,0.0247597443065099,0.115670588222661,0.948356377901969,0.983364485156781,0.926618002206383,0.83493056957224,0.049630208506488,0.943186915060115,0.897547231531002,0.783481880393782,0.0303573226319268,0.0362922542299355,0.219044800315585,0.827071689595972,0.911998489652085,0.851023720641476,0.933955263152923,0.904067239945562,0.846180719086485,0.694990732455165,0.869824981342845,0.0221964526568363,0.881020592200098,0.0490279888758075,0.0359930690252178,0.095415392397259
"GSM3852542",0.0373191982088186,0.901349078012559,0.856118699499456,0.0157966942656615,0.0376221233061644,0.972732276185937,0.894799448299093,0.0195720118809578,0.868203555806898,0.816850506568176,0.899739333552839,0.0395438029555048,0.0159753022205629,0.210918036677815,0.95467715776465,0.130809321818636,0.856456272552684,0.0503785637659411,0.940765096644942,0.944537404240861,0.047844380029472,0.034442704047623,0.753734876547044,0.934134271491249,0.946950877924656,0.926395531798023,0.644190168601375,0.0403033835312368,0.935742902487545,0.499443333842884,0.123137097512454,0.380945497149566,0.0205445468243844,0.0438169511434902,0.943783112751282,0.907456355061416,0.0271216660350462,0.95035892645163,0.85561829891815,0.919064551824992,0.944541620782087,0.917587951669398,0.0116846513182074,0.936055250596745,0.291565581296439,0.0446164327751709,0.965780721206448,0.017010830928192,0.945278491068261,0.310245381397008,0.791233389937488,0.0220813507707435,0.0265915730471331,0.0173301709416673,0.0420714421986811,0.870053046311991,0.0300676459379449,0.685693643945381,0.949278354294662,0.0422542385170705,0.57222606975351,0.914143709620848,0.502067382452141,0.845500858274978,0.915890722073751,0.949625333274064,0.569364686175226,0.984335790939138,0.0392021816154232,0.0406308460068305,0.919053661506408,0.0266342793637307,0.0271774978765314,0.0154068890426278,0.0200895574622989,0.362120046327497,0.957259220791462,0.985829731268369,0.915129846690254,0.853102898079254,0.0403859620114245,0.930157321402322,0.880960669205325,0.782148179057189,0.0504853993738791,0.0315386520849571,0.147216186088841,0.84302354569268,0.906840560176801,0.900485112564117,0.949111782097687,0.889039181863664,0.873388462060796,0.689229250943225,0.903838782036374,0.0168577654590918,0.909832360508445,0.0556524283003249,0.0510719904384204,0.0781592385957682
"GSM3852586",0.056808805026506,0.920563067892203,0.820190898819885,0.0114473838409772,0.0329434379123855,0.962489245037779,0.920197463917271,0.0211391487363554,0.82897321702171,0.792307066539711,0.888507245884239,0.0379462562812741,0.0138715312306369,0.203817949029875,0.96101279692362,0.0781525529850157,0.850006775317153,0.0414853637829972,0.93529122224361,0.9399736405563,0.0733903018114404,0.0289170351757287,0.787073440741393,0.915327600691526,0.924707979352479,0.920435344683383,0.634001311750791,0.0403028616338519,0.897360212622436,0.487131914633582,0.0941462418948578,0.435205293118225,0.0186515971736954,0.0479837868738329,0.952278106567231,0.889151074329401,0.0294742719402148,0.949892469371789,0.864852090380691,0.946494602702689,0.941660338727656,0.903593452225257,0.0145400883587506,0.929871386141132,0.290124167311634,0.0514869781449769,0.962504068027488,0.0151607250480538,0.928702863678471,0.383716603494356,0.696233499121453,0.0217617699321596,0.0276636520559196,0.0185032743063197,0.0468993980670544,0.890099913684034,0.0234693060209723,0.749199364617272,0.943378586441942,0.0434695856950597,0.587820306161186,0.899630228644135,0.459958020576993,0.775376046372512,0.850754677173553,0.921868578788482,0.583509846962805,0.986025808254379,0.0299326132267088,0.0304728046221274,0.904765603071751,0.0197698657005909,0.0355946966249988,0.0155894152290232,0.0206068426306496,0.0992778338139064,0.946564085243058,0.987110690255132,0.902748059165335,0.822908655483684,0.0455919505764581,0.937357168758315,0.880125040933174,0.755362043988416,0.0471295052846605,0.0293272931335616,0.143682391481721,0.758718153483614,0.915209102716069,0.8849948704358,0.95141818546619,0.864200933552918,0.857841752357927,0.726425797286385,0.880725647821855,0.0145976390360049,0.891267909438413,0.0346059440342019,0.0478599314828697,0.0726714466508899
"GSM3852590",0.0771198807752191,0.900397306147023,0.81085473650388,0.0158823144525558,0.0358622086166995,0.966502252870756,0.922480197992009,0.0204008166426843,0.861549108145725,0.847057276732178,0.910415437836652,0.0484577350023995,0.0164997000687899,0.245302033531036,0.96071623917181,0.12411766778811,0.861715684020672,0.0385499826087471,0.941944507205393,0.95338855230134,0.0763122616572563,0.0500822925831728,0.793999132712683,0.930999241696356,0.948503732628598,0.91531976177656,0.643774873473428,0.0617479217650523,0.917299313884965,0.523739618753562,0.105010903611373,0.442626178251012,0.0167051218105249,0.041788780568579,0.948128421465103,0.90247377007152,0.0295533821236232,0.95288794225952,0.876083638870486,0.958357821679137,0.949035301944733,0.920636780264805,0.0137122631680372,0.935050669117763,0.300430727869871,0.0517110542222253,0.959464179335675,0.01781236720563,0.603256975123675,0.347480167106773,0.763060243216797,0.0230254443325626,0.027986805979902,0.0172817004935744,0.0513348933131996,0.907101955458044,0.0360275971684306,0.803072823300859,0.93608271227297,0.0479048370992018,0.613384757574539,0.906122616176181,0.45951547346464,0.805435016921766,0.875559863990503,0.922735321326828,0.550755934219206,0.979618106714449,0.0476155883237805,0.0240913675101495,0.924514388930655,0.0321630662493902,0.0319974441257979,0.0186349919760122,0.0234430445611316,0.184617717160715,0.949607260718854,0.986227686503323,0.919911066313959,0.789536460919867,0.0430263806757725,0.926930623040045,0.9071689138035,0.78895816304765,0.0352031767355004,0.0474022600303987,0.138422463421713,0.835516061260751,0.909680587150813,0.923318600147305,0.942692437489472,0.918190398972299,0.906884448322532,0.708893327688052,0.883972568597613,0.0184958687192477,0.915004275570001,0.039116826006963,0.034819350817883,0.086101923457148
"GSM4308730",0.0702093668119144,0.937739709229448,0.877508263681966,0.0217971744793688,0.0255523298149142,0.972660462648749,0.91860244474909,0.0158465252899398,0.839997017630194,0.889584056628114,0.897330481797156,0.0396403056478278,0.0191561165741886,0.233074467572684,0.955652905705681,0.130869128545913,0.866702489700165,0.0527815684617006,0.945839407120104,0.941472213655487,0.0642328470309607,0.0370869331153984,0.813761871465501,0.946789102105298,0.94817539017761,0.937635793293113,0.724049297627268,0.0382589064757763,0.683881883770488,0.458797651333525,0.0672513474585043,0.644357720318548,0.0163689637777404,0.0479002654112885,0.951084462044337,0.882886248594768,0.0285938644801753,0.917658521478948,0.796455238760034,0.955863398461653,0.941800745877316,0.89027061125186,0.0138326245412959,0.912441903765832,0.311834657258105,0.0602012522200825,0.961783477551691,0.0181057036854354,0.947220508415225,0.501648604168481,0.782924945271075,0.022945154714193,0.0291433318151958,0.0174158849446808,0.0661031126916646,0.895740686907681,0.0260219127246405,0.670087547770602,0.935096490362475,0.0392340975490316,0.556288011774772,0.918345563977583,0.317479792922642,0.830189046425742,0.887441848727952,0.944358133461956,0.562080489034271,0.964175411760411,0.0387371318660729,0.0265419469353075,0.91724268319742,0.0356467684277135,0.0293178282420252,0.0161979582319227,0.0211627061647967,0.119756200803256,0.941368390721848,0.98530485387821,0.953486701907385,0.830857706023655,0.0655814568453457,0.933077379943921,0.894989165276415,0.758973790274759,0.0372521419647319,0.0353074563016505,0.130978188356736,0.862524614468551,0.904378197171981,0.854549863134777,0.952216471803288,0.93601491802106,0.848567850051131,0.768135711670495,0.910970387712712,0.0201330872100316,0.923096984593512,0.0544251131995886,0.0408037407191682,0.0738958448983615
"GSM4308769",0.0925082644403776,0.923510968680517,0.845673167536827,0.0116846218537253,0.028966219970525,0.965918833516191,0.915455493520585,0.015466976105898,0.840179980588447,0.850466765438297,0.904920019446483,0.0380006575051431,0.0139269712884701,0.070637130951522,0.963415527039242,0.0795084634555733,0.74810749219417,0.0491869312537332,0.944113475197825,0.951415123538332,0.0671906948536555,0.0266386077526858,0.838704106815042,0.925097256539243,0.952677090570862,0.94077276653282,0.71188751072042,0.0389175046019449,0.647846662120791,0.468475579422014,0.0967227031377246,0.648282673254789,0.0150308703657221,0.033178535558316,0.953224878854518,0.925621220356221,0.0234153235099939,0.920865466899321,0.780197564546122,0.954666840974559,0.955628925988497,0.904577577508626,0.0135369434760246,0.906447334090661,0.275804291149482,0.0431133862847485,0.965906399666608,0.0141135045534543,0.944162078232872,0.547325726257916,0.74913996755749,0.0179235136754879,0.0334575265630643,0.0167345655712,0.0486318641458928,0.90535330294166,0.0288618196815633,0.759752416740452,0.953910448716321,0.0310003535948383,0.547050705506082,0.531640984600649,0.266087674072482,0.827159375552884,0.909297979463679,0.939164471775684,0.466788542917331,0.982306548241979,0.029056941566834,0.0358417413732196,0.934105302717792,0.0266587997132249,0.0512520316130057,0.013668842565476,0.0332786628937923,0.0788587433362829,0.935722936179562,0.987092503991891,0.944027697031148,0.789831538372329,0.0267595618310425,0.930350837481353,0.892492054923205,0.794362887623792,0.0231855154685679,0.0426276321541133,0.115450852696596,0.894670072426605,0.898818769706777,0.932314395182125,0.944168286646348,0.919123498114918,0.912477029412398,0.689575696646379,0.938194661643165,0.0151529180817923,0.92724496511832,0.0325062308148297,0.0494018760489645,0.051291662661754
"GSM4760129",0.0847894453710881,0.881823135978306,0.713148150915215,0.0122687351968998,0.0272134420300397,0.952187116235353,0.88458197154046,0.018414148975837,0.763078807206153,0.80734810449805,0.866962576224383,0.0455106849507366,0.0208466379734599,0.243980130219086,0.951482810032576,0.150937233121428,0.817718753884676,0.0364431425945086,0.916198080551485,0.922630898081809,0.071530381861447,0.041352802235842,0.724379685874858,0.908499293342416,0.947462815876157,0.9131752582395,0.566115002187486,0.0329936670399277,0.870396743419679,0.330416581269954,0.095673080873016,0.519891494983575,0.0202900274226728,0.0398925341138065,0.919965550281283,0.857679188062549,0.033700524969262,0.931398244703807,0.86185293259244,0.914129362731664,0.927174225727309,0.884590260078116,0.0161819163184475,0.890814645260666,0.35244306480664,0.0631842397792118,0.944047926000538,0.0176929959340834,0.919721736709376,0.429167915189439,0.769456383001281,0.0260973778048218,0.0323086752695203,0.020128344121986,0.050038800797376,0.889699021810945,0.0301676771688302,0.612448428588311,0.946552556113054,0.0501054603327286,0.557800506144556,0.910811555294627,0.44664545834178,0.801165131338596,0.788194444389972,0.838352592651964,0.651562413871259,0.943316718175386,0.0442295871919102,0.0308282860656413,0.922990405156631,0.0192972489212737,0.0360466830674935,0.0215135055468078,0.0193190782411365,0.185857822316656,0.942606176658585,0.980992673577385,0.915879669310985,0.704121310397967,0.0414267749975729,0.920219388513463,0.897799369424694,0.70920674886615,0.0364230794820802,0.0412322392396103,0.207786067760363,0.698460435648454,0.91338403844217,0.876778318634427,0.9291198833572,0.839426591812342,0.867131770803701,0.571722570758718,0.881036679924842,0.017306846014894,0.812424601811346,0.0430691746012709,0.0329728382823613,0.173107286359057
"GSM4760135",0.0655073611213257,0.881640800966823,0.726764146862083,0.014839517853834,0.0250717063908465,0.942608046370457,0.855682662632168,0.0263316189327085,0.808920206451377,0.755199487224733,0.841950863223349,0.0399696131002618,0.0218161863520644,0.280838052044923,0.953556701242574,0.179302541149444,0.793468115646566,0.0630669693914135,0.930745862812526,0.938774456856804,0.0897917540523434,0.0464034944173546,0.696139722819959,0.900659249954024,0.951591587303991,0.898596562837751,0.660284467868984,0.037536998864082,0.890686423907373,0.45362742151255,0.0964110168211266,0.458621855792309,0.0218307850043052,0.0356931251627791,0.935793716366631,0.88782501803441,0.0606960260086795,0.927223028919173,0.901708682472536,0.921178673465583,0.937873347323652,0.877167578499038,0.0159405593756948,0.896580976980106,0.368379713093846,0.0774251307082184,0.931020541223426,0.0295384484912548,0.922715347927946,0.391272430090442,0.792813458671348,0.0266025373284419,0.0358760130622544,0.0244240306675613,0.0431074976920902,0.875874450117454,0.0360611650461367,0.61504641969016,0.942631965327098,0.0661035301357738,0.539436240432179,0.901162442574464,0.537458545346291,0.842473449751054,0.836372237280557,0.894088191227625,0.687411539467971,0.97021520801848,0.0448932963692243,0.0405412612664759,0.884896806012265,0.0258456373686535,0.0355434463668211,0.023652093520488,0.0230756416795652,0.226402617237505,0.940415052567693,0.978343052754991,0.92872350685576,0.801680411602781,0.0378142900201519,0.935780013609276,0.857153424886783,0.759678955290356,0.0441468968896381,0.0529704336559948,0.267878693946027,0.718015168720449,0.895511292636609,0.909851032566975,0.924454334641429,0.902237602293443,0.859900205652113,0.591018836082951,0.891141405079596,0.0188309632394417,0.83669931199562,0.0643679918470509,0.0358859120302759,0.116454265635049
"GSM4760139",0.0613358619065219,0.867290370553638,0.762777230470031,0.0143271648264564,0.0302077400957932,0.946179664472128,0.88590924260307,0.0245384655941236,0.783725410582585,0.787925783037885,0.821298740323159,0.0289428841678684,0.0231777281632863,0.373104673309652,0.952052295856168,0.126508925446122,0.799324740976398,0.0633250756349309,0.924972297481361,0.915270675675233,0.0742128410636206,0.0342571204553092,0.750223229411766,0.886036616897109,0.949949060508151,0.914430899112015,0.671850081249938,0.051102519942464,0.855196332652944,0.402320778025321,0.104005386769783,0.543482067248458,0.0248527968580841,0.0470026456725414,0.927181334702956,0.8428129560434,0.0391540941587365,0.917672759900897,0.819688381076454,0.925797330531992,0.932778590479703,0.847074878446319,0.0176865208192277,0.906592326616533,0.321671974821659,0.0666820350812046,0.938150546386684,0.0201973712392546,0.924928362459356,0.435642274489119,0.727211629281267,0.0288709009034533,0.0379121794968196,0.0223642848355577,0.0460155275460173,0.880044999667816,0.0355371529499993,0.638975605432905,0.938066422257754,0.0431230167261943,0.526483044262867,0.890998298290971,0.424344734978597,0.811904420196569,0.799422235599123,0.898088076022211,0.586848237717002,0.970588959619454,0.0404811517325757,0.0497919013697904,0.891051182240556,0.0252363260852444,0.0349931399408471,0.023760415757577,0.0194688317995771,0.171946717997148,0.941316861182366,0.978749157825263,0.929708332242156,0.819384621284844,0.0367209744739307,0.922659933307042,0.890954618083154,0.772212775495127,0.0366978785417323,0.0373409294847298,0.218276713469142,0.76214757934818,0.885001629493346,0.856769744878709,0.926253934542154,0.82722110513484,0.837005972076223,0.539643734336308,0.886498892362648,0.0190564606278135,0.85046033052064,0.0651048746625817,0.0409200555498733,0.11547251371791
"GSM4760162",0.0734756551789312,0.861447454222289,0.761271038562735,0.0128240303059547,0.0234868154901721,0.94947215324217,0.84256842361007,0.0206986857822939,0.800713884726946,0.770745710381396,0.826892166676201,0.0388393131418787,0.0222963988015636,0.266621271427893,0.939688357795465,0.174940678704623,0.833202540457124,0.0460555616648766,0.916229985737835,0.939739618299938,0.0791414759263759,0.0314334783386396,0.71760957362993,0.914996243520711,0.923535190184159,0.911783823920868,0.716326254804788,0.0442810663167489,0.887487169962685,0.398094891104259,0.117173067108035,0.496630880974454,0.0213169637217078,0.0326206873761333,0.934620480236007,0.846662899290893,0.0341530080493323,0.928513363394339,0.846250297301159,0.915409901719989,0.921528702498839,0.881613911564153,0.0167989656184596,0.881603130919218,0.345527402695463,0.0688992108408828,0.923549233451803,0.0172772852398057,0.90649878777302,0.426870666634641,0.730959543479992,0.0275077878637586,0.0392995619379681,0.0205742316758231,0.0444729981118626,0.849655352201923,0.0327858571772694,0.600671477185706,0.919859382781214,0.0746802155951503,0.571444920429236,0.893741744720468,0.514040458125746,0.84796181931202,0.748673987226471,0.864114465028908,0.615865932021548,0.954855849488199,0.0392702268662537,0.0244077976979979,0.918347916417117,0.0255330191903972,0.0308790567794092,0.0227551921365282,0.021527773861485,0.145734297254959,0.946629959112279,0.977971245652131,0.923145410053093,0.78198180545893,0.0456508013200943,0.914136771401557,0.906129023436427,0.748704916423814,0.0293756180074853,0.0251912038319902,0.288107709578214,0.669280000351198,0.907585578722961,0.84265901350383,0.925296526868991,0.811292327898947,0.832163156908502,0.518606539710192,0.853314113820601,0.0188639424065487,0.828748366990111,0.0433379559352351,0.0420564208396314,0.0832934107892338
"GSM4788352",0.0829860869288285,0.891776244873279,0.846017279254254,0.0146758159441186,0.026926329455782,0.959193692174757,0.925379872905618,0.0194457059237483,0.85008166353671,0.833990219652388,0.849524619448313,0.0419676067806759,0.0233454583503286,0.328451452132839,0.954572862074728,0.125141187405184,0.853125927244684,0.0520303944909629,0.934973981416509,0.940881004492188,0.0679804364917732,0.0308922717018439,0.819574906894053,0.917765105788742,0.940606340638355,0.923614883215026,0.730898674894267,0.051199509931916,0.796281056602348,0.362779251107472,0.124899489285943,0.710337759766637,0.0233078182822562,0.0476947421771065,0.943290699435455,0.863181273747469,0.0276338439953845,0.905006143116054,0.74360974610865,0.931545145683511,0.932144464900493,0.892270324771424,0.0155802843856729,0.919057622924657,0.333911533251803,0.055369700085139,0.955121262198815,0.0177674214537711,0.935346000186893,0.682491829849898,0.697263792488258,0.0248461438531094,0.041521018154571,0.0248793385164668,0.0481374066556411,0.905021587262,0.0283824537494385,0.637628749413699,0.924906502590768,0.0486980823135215,0.538262025402352,0.90232474141432,0.267470011346861,0.837156907128341,0.895281772367063,0.907926538857605,0.631543701827934,0.973500326471398,0.0422825628111523,0.0248141714819017,0.931677421978753,0.027624253785755,0.0331642257732223,0.0224154330283263,0.0261101891452775,0.148212732836835,0.941383354344488,0.981178573041966,0.940130779264353,0.772656552532985,0.0354443305340239,0.936112739018988,0.917030743943249,0.798825341070985,0.0341322605241391,0.0551617217388675,0.226552340237415,0.883423620967414,0.903935773773074,0.940468662048316,0.930958654237481,0.892739721365639,0.878512396789281,0.681934003267085,0.859040237418779,0.0211800829321283,0.920367553082814,0.0358399725111534,0.0445104236350503,0.0771809312498182
"GSM4788559",0.0638600467098172,0.885141664409782,0.856755155328342,0.0131110900002465,0.0370760587704895,0.952976914609359,0.898402276704402,0.0211386441860812,0.835329925681665,0.812606429104571,0.849733657771641,0.0781825757525417,0.0293895463879524,0.199872859532405,0.944091539524119,0.180929654795648,0.846404044217846,0.0497479631152167,0.921629637598663,0.950699134231778,0.0440704065278428,0.0285015164775103,0.770456605566331,0.925406553622446,0.928645811725456,0.921456207806608,0.700295893053668,0.0516561213993728,0.653505524137993,0.425750648507787,0.0968939310917155,0.701001968115441,0.0270655100101972,0.0383417230937726,0.935407957586626,0.860269167614356,0.0230494758523272,0.885456038430405,0.727851830540832,0.942732375560519,0.92664793308433,0.890806774303571,0.0191088281001081,0.900447078184403,0.324543862216162,0.0604303559791881,0.937444838424052,0.0175822004319656,0.914006262676405,0.667678563350198,0.670863434170235,0.0383723116424212,0.0424589086275372,0.0292335311909241,0.0585421013464084,0.887941771469637,0.0458884545448847,0.640002837051171,0.916983954247952,0.0337135919657845,0.525449311682659,0.88506717089408,0.239024761845892,0.838001353494194,0.860048568270728,0.926060163970847,0.562360553466858,0.953026583742275,0.0502017549909241,0.0235148598920159,0.930792730336756,0.0269813130603755,0.0336901791918702,0.0259730500677178,0.0241495475038544,0.108068778132255,0.902283329593625,0.979292764319596,0.933106435747864,0.73347591563663,0.0438060735403026,0.909624044909909,0.91920145385404,0.711202273228748,0.035241189542533,0.0289891551446315,0.215983125096758,0.839192178799776,0.893064295556477,0.864573312557028,0.897983860788767,0.89299141995021,0.874689754484105,0.734934203228696,0.856203684611333,0.0233527135374697,0.895565995324465,0.0355191208735357,0.0396416760955987,0.0598672110889373
"GSM4788619",0.0468133925269515,0.884997494463238,0.82981016949786,0.0150387547450469,0.0258569501754659,0.956202647190037,0.903563583564273,0.023543977776812,0.830845010336759,0.849131741875836,0.882339377652178,0.0521980773476921,0.0236844249933336,0.246001540130755,0.949511462824463,0.194375899537757,0.857117525161681,0.0513301338613328,0.933532056703598,0.939792056854987,0.0518457267031928,0.0317536437997328,0.792258316597587,0.931479331713051,0.938564710906899,0.930209093498264,0.607787911749978,0.0415680905780286,0.631319175159058,0.315339392210661,0.0627746499059937,0.712866571889539,0.0264659286615462,0.05584057942889,0.938854970677208,0.865931227858324,0.0291599279783479,0.899933366596159,0.754992802835407,0.934332024647571,0.922103765070136,0.904136092278103,0.0199247106442498,0.892718620305538,0.325842507297011,0.067172310599147,0.938702834607239,0.0191369242584818,0.930606797449171,0.654112787123758,0.753360518886961,0.0353617301143641,0.0381002059430038,0.0249148703334527,0.0546000105597364,0.877127851927296,0.0366905687699463,0.66357240957315,0.928222019217667,0.0478620035103369,0.558673342385463,0.904560130925849,0.230473436745398,0.856701320853933,0.86447622572751,0.912359254138556,0.599013115922716,0.968256985399632,0.0471230840718847,0.0419881226875454,0.933873129199551,0.0276343490877688,0.0382042587575901,0.0243218332928711,0.0199038422569174,0.141332424782593,0.920636132990939,0.982826243276141,0.949513403380951,0.776936263674942,0.0450864831854808,0.935424780090629,0.885878448116518,0.657989596117276,0.0334837098003591,0.0390627070671689,0.176200516690122,0.854365926918804,0.903235449268438,0.872280625667268,0.933320397688481,0.900435716754106,0.8639028899053,0.683530791380393,0.88900689356421,0.0203480196519657,0.918936802360915,0.0309337891336768,0.044981131510062,0.0596734664311995
